"date","maxTemp","minTemp"
2009-01-01,20.4,14.7
2009-01-02,18.6,10
2009-01-03,20.4,9.2
2009-01-04,27.6,11.6
2009-01-05,26.1,13.6
2009-01-06,30.2,15.8
2009-01-07,20.9,17.6
2009-01-08,19.8,12.6
2009-01-09,21.8,12.6
2009-01-10,23.4,13.3
2009-01-11,23.4,14.3
2009-01-12,25,13.7
2009-01-13,37.8,13.9
2009-01-14,32.6,20.4
2009-01-15,24.6,15.7
2009-01-16,21.5,15.1
2009-01-17,20.1,14.5
2009-01-18,25.1,12.1
2009-01-19,35.8,13.7
2009-01-20,40.5,19.8
2009-01-21,28.8,17.2
2009-01-22,35.6,18.2
2009-01-23,31.8,14.6
2009-01-24,23.4,16.3
2009-01-25,27.1,13
2009-01-26,25.5,14.4
2009-01-27,36.4,16.6
2009-01-28,43.4,18.8
2009-01-29,44.3,25.7
2009-01-30,45.1,25.7
2009-01-31,30.5,22.5
2009-02-01,33.8,20.3
2009-02-02,28.5,20.8
2009-02-03,30.2,20.5
2009-02-04,30.2,16.8
2009-02-05,29.2,19.8
2009-02-06,33.1,17.9
2009-02-07,46.4,18.7
2009-02-08,22.5,18.6
2009-02-09,21.4,16.1
2009-02-10,21.2,14.1
2009-02-11,20.2,14.3
2009-02-12,23.7,14.4
2009-02-13,28,12.8
2009-02-14,28.4,14
2009-02-15,29.6,14.8
2009-02-16,30.1,16
2009-02-17,31.7,15.8
2009-02-18,27.8,17
2009-02-19,30.5,16.8
2009-02-20,24.6,18
2009-02-21,23.8,17.4
2009-02-22,25.5,16.9
2009-02-23,35,16.2
2009-02-24,21.3,14.3
2009-02-25,21.6,14.1
2009-02-26,31.2,14.2
2009-02-27,34,14.3
2009-02-28,23.2,16.1
2009-03-01,19.8,14.5
2009-03-02,25.6,15.3
2009-03-03,32.5,16.8
2009-03-04,19,14
2009-03-05,17.6,12.5
2009-03-06,20.1,12.6
2009-03-07,20.4,13
2009-03-08,21.2,14.7
2009-03-09,25.2,9.7
2009-03-10,26.2,13.5
2009-03-11,29.8,15.8
2009-03-12,25.2,18.2
2009-03-13,29,17.7
2009-03-14,23.3,18.6
2009-03-15,18.9,12
2009-03-16,21.9,12.7
2009-03-17,20.1,13.9
2009-03-18,28.5,14.3
2009-03-19,33.1,14.8
2009-03-20,23.8,16.8
2009-03-21,34.6,15.4
2009-03-22,25.6,20.4
2009-03-23,19.9,14.7
2009-03-24,21.1,13.8
2009-03-25,23.9,15.7
2009-03-26,24,15.4
2009-03-27,20.5,12.7
2009-03-28,26.7,9.7
2009-03-29,24.7,11.3
2009-03-30,22.5,14
2009-03-31,30.1,14.5
2009-04-01,29.8,15.4
2009-04-02,32.8,16.9
2009-04-03,24.7,21.2
2009-04-04,19.6,11.3
2009-04-05,20.1,12.5
2009-04-06,17.2,9.2
2009-04-07,18.4,11.4
2009-04-08,19.9,12.3
2009-04-09,24.4,13.7
2009-04-10,19.5,13.9
2009-04-11,22.5,14.4
2009-04-12,21.9,12.3
2009-04-13,26.2,9.8
2009-04-14,28.8,12.1
2009-04-15,17.7,12.9
2009-04-16,20.5,7.3
2009-04-17,21.9,13.2
2009-04-18,19.2,13.8
2009-04-19,19.1,14
2009-04-20,22,8.7
2009-04-21,24.6,9.4
2009-04-22,25.1,9.8
2009-04-23,22.8,11.3
2009-04-24,18.2,15.1
2009-04-25,19,12.3
2009-04-26,13.6,9.1
2009-04-27,14.4,8.4
2009-04-28,14.4,7.7
2009-04-29,13.8,6
2009-04-30,18,2.9
2009-05-01,14.9,5.8
2009-05-02,18.6,7.5
2009-05-03,19.2,5.9
2009-05-04,16.8,8.9
2009-05-05,17.2,7
2009-05-06,17,8.4
2009-05-07,17.5,11
2009-05-08,16.9,12.6
2009-05-09,16.5,13
2009-05-10,18.2,11.2
2009-05-11,17.8,8.2
2009-05-12,17.5,9.5
2009-05-13,17,9.8
2009-05-14,17,12.3
2009-05-15,19.7,14
2009-05-16,16.4,11.5
2009-05-17,17.4,11.6
2009-05-18,18,8.4
2009-05-19,21.1,8.2
2009-05-20,21.3,9.1
2009-05-21,15.7,9.2
2009-05-22,20.3,5.9
2009-05-23,22.8,7.3
2009-05-24,20.8,11.5
2009-05-25,21.7,18
2009-05-26,18.4,12.8
2009-05-27,15.8,7.6
2009-05-28,16.4,9.5
2009-05-29,16.3,6.3
2009-05-30,16.1,9
2009-05-31,15,6.5
2009-06-01,14.8,6.8
2009-06-02,15.1,10.3
2009-06-03,18.2,11.7
2009-06-04,17.5,12.3
2009-06-05,17.8,6.9
2009-06-06,14.3,5.5
2009-06-07,14.6,6.9
2009-06-08,14.3,10.1
2009-06-09,12.6,7.1
2009-06-10,12.7,5.7
2009-06-11,12.4,6
2009-06-12,10.8,5.3
2009-06-13,13,6.9
2009-06-14,16.2,8.3
2009-06-15,15.7,5.6
2009-06-16,14.5,7.2
2009-06-17,13.5,6
2009-06-18,17.6,4.6
2009-06-19,18.2,5.1
2009-06-20,15.3,6.9
2009-06-21,16.1,10.8
2009-06-22,17.6,9.9
2009-06-23,16.6,8.6
2009-06-24,17.6,11
2009-06-25,15,5.5
2009-06-26,16.4,7.1
2009-06-27,14.9,7.9
2009-06-28,16.1,5
2009-06-29,17.8,5.6
2009-06-30,19.4,13
2009-07-01,15.6,10.9
2009-07-02,13.5,9.5
2009-07-03,13.3,8.1
2009-07-04,15.1,8.9
2009-07-05,13.2,8.8
2009-07-06,13.7,7.1
2009-07-07,14.2,7.6
2009-07-08,15,3.4
2009-07-09,16.9,4.2
2009-07-10,15.1,5.8
2009-07-11,14.3,9.3
2009-07-12,15.7,10.8
2009-07-13,15.6,9
2009-07-14,13.9,8.1
2009-07-15,13.6,9
2009-07-16,14.7,6.5
2009-07-17,15,5
2009-07-18,13.6,6.6
2009-07-19,15.5,8.2
2009-07-20,19,10.8
2009-07-21,19.6,12.8
2009-07-22,16.8,12.3
2009-07-23,14.5,7.1
2009-07-24,13.3,3.9
2009-07-25,13.6,5.7
2009-07-26,15.7,7.4
2009-07-27,16.4,8.6
2009-07-28,15.1,8.5
2009-07-29,16.4,9.4
2009-07-30,16.1,10.2
2009-07-31,16.2,9.3
2009-08-01,16.6,10.6
2009-08-02,16.9,11.3
2009-08-03,15.4,8.8
2009-08-04,15,8.5
2009-08-05,16.6,8.3
2009-08-06,19.1,10.1
2009-08-07,14.6,11
2009-08-08,16.5,3.8
2009-08-09,14.6,6.6
2009-08-10,13.8,9
2009-08-11,16.2,9.5
2009-08-12,14.5,6
2009-08-13,18.5,9.3
2009-08-14,19.1,8.9
2009-08-15,19.3,10.5
2009-08-16,17.2,12.7
2009-08-17,17,9.7
2009-08-18,16.7,8.4
2009-08-19,18.6,9.8
2009-08-20,18.2,11.1
2009-08-21,18.8,11.1
2009-08-22,16.3,6.6
2009-08-23,19,9.2
2009-08-24,17.5,11.1
2009-08-25,14.8,7.1
2009-08-26,15.7,7.7
2009-08-27,18.8,8.5
2009-08-28,19.7,10.7
2009-08-29,15.5,12.3
2009-08-30,16,6.7
2009-08-31,16.6,9.1
2009-09-01,16,7.5
2009-09-02,19.7,8.6
2009-09-03,21.9,11.9
2009-09-04,17.3,9.8
2009-09-05,17.2,6.5
2009-09-06,16.7,8.1
2009-09-07,15.9,9.6
2009-09-08,15.3,10.2
2009-09-09,14.4,9.7
2009-09-10,14.8,10.5
2009-09-11,22.5,7.7
2009-09-12,29.9,13
2009-09-13,19.8,15.8
2009-09-14,17,6.7
2009-09-15,20.4,5.5
2009-09-16,22.9,8
2009-09-17,18.9,15.7
2009-09-18,18.5,10.6
2009-09-19,20.9,12.1
2009-09-20,18.7,10.4
2009-09-21,19.7,8.7
2009-09-22,18.9,10.6
2009-09-23,18.4,11.6
2009-09-24,20.8,11.6
2009-09-25,16.2,12.4
2009-09-26,14.2,7.8
2009-09-27,12.6,7.7
2009-09-28,14.7,8.5
2009-09-29,19.4,9.1
2009-09-30,23.6,12.1
2009-10-01,16.6,13.5
2009-10-02,14.7,11
2009-10-03,18,11
2009-10-04,18.7,9.6
2009-10-05,17.2,11.1
2009-10-06,15.7,9.2
2009-10-07,16.2,7.8
2009-10-08,16,8.9
2009-10-09,18.2,7.5
2009-10-10,20,5.9
2009-10-11,22.2,7
2009-10-12,22.6,11.8
2009-10-13,19.2,9.7
2009-10-14,16.4,9.6
2009-10-15,16.3,10.8
2009-10-16,18,7.6
2009-10-17,17.1,10.3
2009-10-18,16.5,8.1
2009-10-19,21.5,10.6
2009-10-20,28.5,13.6
2009-10-21,18.7,13.7
2009-10-22,18.8,10.1
2009-10-23,18.8,12.7
2009-10-24,19.6,8.2
2009-10-25,18.2,12
2009-10-26,21.2,9.5
2009-10-27,21.7,9.4
2009-10-28,21.1,12
2009-10-29,30.6,11.1
2009-10-30,26.5,16.7
2009-10-31,33.1,19.3
2009-11-01,20.1,15
2009-11-02,29.4,13.9
2009-11-03,21.9,14.8
2009-11-04,18.1,11.4
2009-11-05,19.3,12
2009-11-06,25.4,9.4
2009-11-07,32.2,13
2009-11-08,34.2,19.4
2009-11-09,35.5,19.7
2009-11-10,36.3,20.2
2009-11-11,34.4,20.8
2009-11-12,29.8,18.8
2009-11-13,27.2,15.6
2009-11-14,30.3,16.5
2009-11-15,25.9,15.4
2009-11-16,22.7,17.1
2009-11-17,22.6,14.9
2009-11-18,33.4,15.6
2009-11-19,34.6,18.7
2009-11-20,38.3,22.9
2009-11-21,25.9,18.6
2009-11-22,18.4,15.2
2009-11-23,22,11.3
2009-11-24,26.6,12
2009-11-25,25.4,15.6
2009-11-26,30,17.3
2009-11-27,28.8,18.8
2009-11-28,22.7,16.3
2009-11-29,21.8,12.7
2009-11-30,20.8,14
2009-12-01,22.7,12.1
2009-12-02,29.9,11.5
2009-12-03,32.3,16.3
2009-12-04,22.4,12.1
2009-12-05,22,13.2
2009-12-06,26.3,13.2
2009-12-07,23.1,15.3
2009-12-08,17.8,14.5
2009-12-09,25.9,9.6
2009-12-10,24.4,15.3
2009-12-11,20.5,10.7
2009-12-12,22.6,14.5
2009-12-13,21.5,14.9
2009-12-14,21.1,14.5
2009-12-15,31.3,13.6
2009-12-16,39.2,17.4
2009-12-17,23.1,19.7
2009-12-18,23.8,11.1
2009-12-19,21.4,14
2009-12-20,22.1,14.7
2009-12-21,28.2,12.5
2009-12-22,27.5,15.9
2009-12-23,39,16.2
2009-12-24,25.7,20.9
2009-12-25,21.2,14.4
2009-12-26,22.1,12.9
2009-12-27,23.1,14.7
2009-12-28,24.8,17.5
2009-12-29,24.3,16.5
2009-12-30,38.3,16.1
2009-12-31,36.7,20.5
2010-01-01,20.8,19.2
2010-01-02,22.5,15.5
2010-01-03,21.4,14.5
2010-01-04,27.6,13.4
2010-01-05,25,16
2010-01-06,23.6,16.1
2010-01-07,24.7,14.8
2010-01-08,36.6,14.8
2010-01-09,38.7,20.6
2010-01-10,29.6,17.1
2010-01-11,43.6,19
2010-01-12,35.6,24.2
2010-01-13,23,17.4
2010-01-14,23.4,15.3
2010-01-15,26.8,16.3
2010-01-16,33.1,16.9
2010-01-17,21,13.8
2010-01-18,20.6,10.4
2010-01-19,22.9,11.3
2010-01-20,28.2,14.5
2010-01-21,28.5,16
2010-01-22,37.5,19.5
2010-01-23,22.3,17.4
2010-01-24,22.3,12.7
2010-01-25,23.8,13.6
2010-01-26,24.5,13.8
2010-01-27,22.2,16.2
2010-01-28,26.1,15.8
2010-01-29,23.5,17.5
2010-01-30,36.2,13.4
2010-01-31,37.2,17.1
2010-02-01,24.9,16.9
2010-02-02,35.2,16.7
2010-02-03,34.8,21.6
2010-02-04,30.8,25.5
2010-02-05,20.9,17.6
2010-02-06,26.5,15.5
2010-02-07,33.2,14.9
2010-02-08,35.3,19
2010-02-09,32.1,19.3
2010-02-10,32.7,20.1
2010-02-11,31.4,22.2
2010-02-12,22.8,19.5
2010-02-13,21.3,18.2
2010-02-14,28.3,17.7
2010-02-15,27.3,19
2010-02-16,27.3,16
2010-02-17,25.9,15.9
2010-02-18,24.1,17.5
2010-02-19,32.8,17.1
2010-02-20,34.3,23
2010-02-21,28.6,21.6
2010-02-22,29.6,19.1
2010-02-23,23.6,13.3
2010-02-24,23.3,12.7
2010-02-25,25.1,14.2
2010-02-26,33.4,16.2
2010-02-27,22.6,22.4
2010-02-28,20.7,16.3
2010-03-01,21.4,14.1
2010-03-02,22.4,14.1
2010-03-03,27.7,15.8
2010-03-04,31.3,16.5
2010-03-05,26.7,20.5
2010-03-06,26.8,19.8
2010-03-07,27.3,17.9
2010-03-08,22.5,16.4
2010-03-09,21.2,16.2
2010-03-10,20.4,13.7
2010-03-11,22.2,13.7
2010-03-12,26.4,11.1
2010-03-13,28.3,13.7
2010-03-14,28.8,13.8
2010-03-15,30.4,15.3
2010-03-16,32.2,18.5
2010-03-17,33,21.5
2010-03-18,31.9,20.9
2010-03-19,28.4,23
2010-03-20,26.7,18.8
2010-03-21,24.7,17.5
2010-03-22,22.5,13.1
2010-03-23,23.7,13.3
2010-03-24,23.4,15.8
2010-03-25,31.5,12.8
2010-03-26,30.7,14.8
2010-03-27,22.7,17.2
2010-03-28,27.2,17.8
2010-03-29,23.3,17.9
2010-03-30,22.6,15.1
2010-03-31,23.9,13.4
2010-04-01,24,13.8
2010-04-02,21.9,16.1
2010-04-03,24.4,13.9
2010-04-04,25.8,12.7
2010-04-05,26.9,14.9
2010-04-06,25.3,18.4
2010-04-07,25.7,17.2
2010-04-08,22.9,17.7
2010-04-09,21.7,13.5
2010-04-10,22.6,15
2010-04-11,17.7,11.8
2010-04-12,17.8,11.2
2010-04-13,17.8,13.1
2010-04-14,18.4,13.2
2010-04-15,19.1,14
2010-04-16,25.9,13.2
2010-04-17,27.3,13.6
2010-04-18,27.7,16
2010-04-19,27.6,16.1
2010-04-20,29.4,17.5
2010-04-21,24.5,17.3
2010-04-22,30.1,16.4
2010-04-23,26.4,20.8
2010-04-24,24.5,19
2010-04-25,20.1,12.2
2010-04-26,20.4,8.7
2010-04-27,17.8,11.7
2010-04-28,18.1,8.8
2010-04-29,18.4,12.8
2010-04-30,16.6,13
2010-05-01,20.9,8.2
2010-05-02,17.7,13.5
2010-05-03,23,9.2
2010-05-04,23.5,11.6
2010-05-05,17.3,9.1
2010-05-06,18,11.4
2010-05-07,19.8,10.4
2010-05-08,19.9,12.9
2010-05-09,22.5,13
2010-05-10,20.6,14.5
2010-05-11,15.8,7.6
2010-05-12,16.1,8.5
2010-05-13,15.1,9.5
2010-05-14,15,11.5
2010-05-15,17.7,12.6
2010-05-16,18.5,6.2
2010-05-17,17.2,7.3
2010-05-18,18.6,6.9
2010-05-19,18.8,6.1
2010-05-20,18.1,7.6
2010-05-21,16.1,9.9
2010-05-22,16.1,4.3
2010-05-23,18.6,4
2010-05-24,15.6,6.2
2010-05-25,15,11.9
2010-05-26,19.6,11.3
2010-05-27,18.7,10.8
2010-05-28,17,10.9
2010-05-29,17.2,12.6
2010-05-30,18.1,12.1
2010-05-31,18.7,11.5
2010-06-01,17.6,7.9
2010-06-02,17.9,10.3
2010-06-03,15.7,7.1
2010-06-04,12.4,6.2
2010-06-05,13.9,8.2
2010-06-06,15.7,8.9
2010-06-07,13.6,8.3
2010-06-08,14.3,9.1
2010-06-09,14.1,8.2
2010-06-10,16.1,7.7
2010-06-11,14,9.1
2010-06-12,13.2,8
2010-06-13,13.1,8.6
2010-06-14,15.3,7.9
2010-06-15,15,5.8
2010-06-16,16.1,4
2010-06-17,14.3,7.8
2010-06-18,14.8,7.3
2010-06-19,16.8,8
2010-06-20,14.7,12
2010-06-21,15.1,5.8
2010-06-22,14.3,3.6
2010-06-23,17.2,5.1
2010-06-24,18.3,8.6
2010-06-25,14.7,12.8
2010-06-26,13.3,6.7
2010-06-27,12.9,6.1
2010-06-28,11.4,3.9
2010-06-29,10.8,5.7
2010-06-30,12.8,6.8
2010-07-01,12.3,7.6
2010-07-02,12.4,8.2
2010-07-03,14,8.3
2010-07-04,12.8,8.4
2010-07-05,14.3,5.9
2010-07-06,14.6,4.3
2010-07-07,15,4.1
2010-07-08,14.1,7.4
2010-07-09,16.5,3.6
2010-07-10,15.9,4.5
2010-07-11,16.1,10.8
2010-07-12,16.7,9.3
2010-07-13,16.8,9.7
2010-07-14,12.7,9.9
2010-07-15,13.7,6.9
2010-07-16,14.5,8.6
2010-07-17,13.6,5.8
2010-07-18,13.6,7.1
2010-07-19,14,7.4
2010-07-20,13.5,3.2
2010-07-21,14.4,5.7
2010-07-22,12.9,6.9
2010-07-23,12.6,9.5
2010-07-24,13.4,8.9
2010-07-25,15.8,6
2010-07-26,16.2,5.5
2010-07-27,15.1,3.9
2010-07-28,14.9,5.9
2010-07-29,14.9,7.5
2010-07-30,17.7,12
2010-07-31,17.9,12
2010-08-01,13.9,8.1
2010-08-02,16.5,8.1
2010-08-03,13.3,9.6
2010-08-04,13.8,9.5
2010-08-05,14.1,6.5
2010-08-06,14.5,7.3
2010-08-07,15.2,4.9
2010-08-08,14.6,5.7
2010-08-09,16.9,6.7
2010-08-10,11.4,6.4
2010-08-11,11.4,7.3
2010-08-12,15,8.2
2010-08-13,13.6,9.6
2010-08-14,15.9,10.2
2010-08-15,15.7,10.8
2010-08-16,12.8,8.5
2010-08-17,14.8,4.8
2010-08-18,13.5,8
2010-08-19,16.6,10.2
2010-08-20,13.4,6.4
2010-08-21,16.4,7.4
2010-08-22,16.2,7.1
2010-08-23,17.1,6.1
2010-08-24,14.6,9.1
2010-08-25,11.8,4.2
2010-08-26,14.9,7
2010-08-27,13.8,7.2
2010-08-28,16.1,7.9
2010-08-29,15,8.9
2010-08-30,18.6,5.8
2010-08-31,14.1,8.9
2010-09-01,13.3,11.1
2010-09-02,15.4,9.3
2010-09-03,16.6,7.3
2010-09-04,19,8.8
2010-09-05,17.1,10.9
2010-09-06,15.4,8.4
2010-09-07,15.8,7.4
2010-09-08,17.2,5.2
2010-09-09,18.3,9.1
2010-09-10,14.4,9.4
2010-09-11,18.5,8.5
2010-09-12,16.5,10.5
2010-09-13,15.5,10.9
2010-09-14,15.6,6.4
2010-09-15,16.5,9.4
2010-09-16,14.9,8.4
2010-09-17,14.9,8.7
2010-09-18,17,10.1
2010-09-19,16.7,9.3
2010-09-20,16.8,10.1
2010-09-21,15.4,10.9
2010-09-22,16.6,9.8
2010-09-23,16.2,10.9
2010-09-24,17,9.8
2010-09-25,19.9,10.9
2010-09-26,22.1,9.9
2010-09-27,17.3,12.8
2010-09-28,15.2,8
2010-09-29,15.3,5.8
2010-09-30,15.6,5.8
2010-10-01,18.4,7.5
2010-10-02,21,6.2
2010-10-03,25,11.1
2010-10-04,23.5,15.5
2010-10-05,20.6,13.2
2010-10-06,23.9,11.2
2010-10-07,17.5,7.7
2010-10-08,17.4,10.2
2010-10-09,19.1,9.3
2010-10-10,25.2,10.4
2010-10-11,25.2,11.7
2010-10-12,23.4,18.3
2010-10-13,14.8,14.3
2010-10-14,21.2,11.2
2010-10-15,12.7,12.1
2010-10-16,14.6,4.7
2010-10-17,17.7,6.9
2010-10-18,18.9,10
2010-10-19,17.4,9.6
2010-10-20,19.6,7.1
2010-10-21,25.7,8.4
2010-10-22,28.9,12.2
2010-10-23,17.3,12.8
2010-10-24,17.4,11.1
2010-10-25,20.5,7.9
2010-10-26,22.5,10.7
2010-10-27,19,12.7
2010-10-28,23.9,10.2
2010-10-29,28.4,13.9
2010-10-30,22.3,18.8
2010-10-31,17.2,11.7
2010-11-01,16.7,9.2
2010-11-02,19,10.5
2010-11-03,16.6,10.3
2010-11-04,18.2,9.1
2010-11-05,22.7,8.8
2010-11-06,24.6,10.3
2010-11-07,24.4,14.8
2010-11-08,23.8,14
2010-11-09,29.1,13.5
2010-11-10,25.6,18.2
2010-11-11,30.7,14
2010-11-12,31,16.3
2010-11-13,15.8,15
2010-11-14,19.8,13.1
2010-11-15,19.4,11.7
2010-11-16,18.6,10.1
2010-11-17,23.4,8.9
2010-11-18,17.6,13.7
2010-11-19,20.3,9.6
2010-11-20,22.8,9.9
2010-11-21,22,11.9
2010-11-22,33.3,13.7
2010-11-23,32.3,20.6
2010-11-24,31.5,21.7
2010-11-25,23.5,19.6
2010-11-26,25.1,16
2010-11-27,23.8,17.3
2010-11-28,16.6,13
2010-11-29,22.2,13.6
2010-11-30,25.4,13.2
2010-12-01,26.6,16.5
2010-12-02,27.2,17.2
2010-12-03,30,17.2
2010-12-04,30.8,19.4
2010-12-05,29.7,18.3
2010-12-06,30.9,18.2
2010-12-07,28.2,21.5
2010-12-08,25.5,22.6
2010-12-09,25,16.4
2010-12-10,21.1,14
2010-12-11,23.1,13.5
2010-12-12,19.4,13.2
2010-12-13,23.1,11.8
2010-12-14,28,14.4
2010-12-15,25.9,18.1
2010-12-16,22,12.7
2010-12-17,23.8,12.1
2010-12-18,19,12.2
2010-12-19,19.1,11.3
2010-12-20,19.3,9.9
2010-12-21,18.3,11.1
2010-12-22,25.7,10.6
2010-12-23,20.6,14.1
2010-12-24,23.5,11.5
2010-12-25,26.2,14
2010-12-26,20.4,15.8
2010-12-27,18,10.5
2010-12-28,22.8,9
2010-12-29,30.3,13.7
2010-12-30,23.7,14.2
2010-12-31,41.1,14.9
2011-01-01,23.1,17.1
2011-01-02,21.6,15.3
2011-01-03,20.9,14.5
2011-01-04,22,12.7
2011-01-05,21.9,14.6
2011-01-06,30.8,15.9
2011-01-07,33.4,17.9
2011-01-08,34.5,23
2011-01-09,22.7,18.1
2011-01-10,25,18.7
2011-01-11,26.3,20.1
2011-01-12,27.6,20.9
2011-01-13,27.8,22.5
2011-01-14,26.9,20.5
2011-01-15,29.5,18.5
2011-01-16,26.2,18.3
2011-01-17,21.3,15.6
2011-01-18,21.9,15.5
2011-01-19,22.5,15.3
2011-01-20,28.4,13.3
2011-01-21,32.3,16.6
2011-01-22,27.5,16.9
2011-01-23,29,18.3
2011-01-24,21.7,15.1
2011-01-25,27.7,14.5
2011-01-26,21.6,16
2011-01-27,25.7,14.9
2011-01-28,23.1,16.4
2011-01-29,28,13.4
2011-01-30,38.1,16.4
2011-01-31,32.5,20.1
2011-02-01,40.2,24.5
2011-02-02,27.8,17.5
2011-02-03,25.6,18.6
2011-02-04,30.4,18.2
2011-02-05,20.3,18.1
2011-02-06,20.4,12.4
2011-02-07,21.5,10.8
2011-02-08,22.1,14.6
2011-02-09,27.9,12.9
2011-02-10,29.5,14.7
2011-02-11,25.8,20.9
2011-02-12,21.1,15.4
2011-02-13,22.1,13.4
2011-02-14,24.6,14.2
2011-02-15,30.3,16.6
2011-02-16,29.5,18.8
2011-02-17,27.9,19.5
2011-02-18,29.4,19.3
2011-02-19,28.7,19.8
2011-02-20,22,16.6
2011-02-21,19.6,11.8
2011-02-22,21.3,13.9
2011-02-23,23.8,15.5
2011-02-24,25,13.7
2011-02-25,23.8,15.8
2011-02-26,29.8,15.6
2011-02-27,19.1,18
2011-02-28,18,16
2011-03-01,19.5,14.3
2011-03-02,19.8,11.1
2011-03-03,20.1,13.6
2011-03-04,18.6,13.6
2011-03-05,24.5,10.8
2011-03-06,28,11.3
2011-03-07,29.2,15.6
2011-03-08,27.2,19.4
2011-03-09,23.8,19.4
2011-03-10,18.7,15.2
2011-03-11,27.1,15.4
2011-03-12,30.7,17.7
2011-03-13,32.5,20.8
2011-03-14,23.7,15
2011-03-15,25.6,12.3
2011-03-16,22,15.4
2011-03-17,18.9,14.4
2011-03-18,19.5,14.2
2011-03-19,23.5,12.8
2011-03-20,30.1,13.6
2011-03-21,24.9,16.8
2011-03-22,24,19.1
2011-03-23,23.1,16.4
2011-03-24,19.7,15.2
2011-03-25,19,13.6
2011-03-26,18,15
2011-03-27,20.3,14.6
2011-03-28,24.3,13.7
2011-03-29,29,12.9
2011-03-30,22.6,14.4
2011-03-31,19.8,13.8
2011-04-01,21.3,8.7
2011-04-02,18.9,10.9
2011-04-03,17.7,13.4
2011-04-04,18.5,13
2011-04-05,23.1,12.4
2011-04-06,26.5,11.2
2011-04-07,26.4,13.1
2011-04-08,26.2,13.3
2011-04-09,27.1,16.7
2011-04-10,17.2,12.1
2011-04-11,19,8.2
2011-04-12,19.2,11
2011-04-13,17.4,12.5
2011-04-14,20.1,12.4
2011-04-15,21.1,12
2011-04-16,21,12.4
2011-04-17,20.9,8.6
2011-04-18,NA,10.3
2011-04-19,23.2,15.9
2011-04-20,18.1,14.1
2011-04-21,22.1,12.6
2011-04-22,18.5,12.6
2011-04-23,18.1,9.1
2011-04-24,20.1,12.6
2011-04-25,19.8,9.1
2011-04-26,19.9,9.7
2011-04-27,21.9,9.5
2011-04-28,22.8,10.5
2011-04-29,22.8,11.3
2011-04-30,24.7,11.9
2011-05-01,21,13.2
2011-05-02,18.8,13.1
2011-05-03,18.6,11.1
2011-05-04,17.8,10.8
2011-05-05,14.8,12.5
2011-05-06,15.5,11.4
2011-05-07,16,6.1
2011-05-08,15.6,7.8
2011-05-09,15.1,9.5
2011-05-10,14.6,3.5
2011-05-11,12.2,6.9
2011-05-12,14,5.6
2011-05-13,15.9,8.4
2011-05-14,14.9,7.7
2011-05-15,15.1,8.3
2011-05-16,15.1,11
2011-05-17,16.1,10.6
2011-05-18,15.5,6.7
2011-05-19,18.3,10.1
2011-05-20,19.5,11.9
2011-05-21,21.3,11.9
2011-05-22,19,13.8
2011-05-23,18.3,13.4
2011-05-24,16.6,9.8
2011-05-25,15.6,10
2011-05-26,14.5,9.6
2011-05-27,15.5,10
2011-05-28,13.8,10.5
2011-05-29,14.3,10.5
2011-05-30,16.5,5.8
2011-05-31,16,6.9
2011-06-01,18.3,3.4
2011-06-02,19.5,6.1
2011-06-03,17,12.2
2011-06-04,16.9,11.7
2011-06-05,16.3,7.7
2011-06-06,13.8,5.6
2011-06-07,10.9,7
2011-06-08,12,4.9
2011-06-09,15.8,6.8
2011-06-10,16.2,9.8
2011-06-11,16.3,10.1
2011-06-12,15.3,6.7
2011-06-13,15.6,7.3
2011-06-14,14.1,7.5
2011-06-15,15,4.6
2011-06-16,15.7,4
2011-06-17,14.4,6.3
2011-06-18,16.8,9.4
2011-06-19,17,10.4
2011-06-20,16.2,11
2011-06-21,12.5,7.6
2011-06-22,13.9,7.3
2011-06-23,16.2,9.4
2011-06-24,18.2,11
2011-06-25,17,11.5
2011-06-26,15,8.9
2011-06-27,17,9.1
2011-06-28,15.2,6.8
2011-06-29,18.4,4.5
2011-06-30,17.6,6.5
2011-07-01,17.3,8.3
2011-07-02,16.5,8.7
2011-07-03,13.6,10.3
2011-07-04,15.8,10
2011-07-05,12.7,9.3
2011-07-06,14.2,8.9
2011-07-07,11.5,6.4
2011-07-08,12.5,6.6
2011-07-09,14.8,8.4
2011-07-10,13.4,7.6
2011-07-11,13.5,7.4
2011-07-12,13.6,9.1
2011-07-13,13.7,9.7
2011-07-14,14.8,7.3
2011-07-15,14.1,5.4
2011-07-16,15.8,2.8
2011-07-17,14.1,4.6
2011-07-18,12.8,9.1
2011-07-19,16.4,9.5
2011-07-20,12.9,10.4
2011-07-21,13.4,7.8
2011-07-22,17.5,8.9
2011-07-23,13,5.5
2011-07-24,12.8,6.7
2011-07-25,14,9.1
2011-07-26,14.1,7.9
2011-07-27,15.1,2.7
2011-07-28,16,4.6
2011-07-29,17.5,7.4
2011-07-30,15.4,8.4
2011-07-31,19.4,10.9
2011-08-01,18.6,11.2
2011-08-02,20.2,11.7
2011-08-03,23.2,12.6
2011-08-04,21,15.5
2011-08-05,18.4,13.3
2011-08-06,15.1,10.4
2011-08-07,14.4,6.1
2011-08-08,14.5,8.3
2011-08-09,12.6,7
2011-08-10,12.6,8.1
2011-08-11,16.1,9.7
2011-08-12,13.3,3.5
2011-08-13,13.8,4.5
2011-08-14,17.9,6.9
2011-08-15,15.5,8.6
2011-08-16,21.2,10.2
2011-08-17,15.5,13.9
2011-08-18,14.1,8
2011-08-19,17.3,10
2011-08-20,18.5,9.8
2011-08-21,21.4,6.1
2011-08-22,19.8,6.5
2011-08-23,19.9,9.1
2011-08-24,20.5,7.5
2011-08-25,21.7,11.4
2011-08-26,16.5,8
2011-08-27,19.1,8.9
2011-08-28,19.2,8
2011-08-29,15.9,11.1
2011-08-30,15.3,5.1
2011-08-31,15.4,8.6
2011-09-01,16.7,9.5
2011-09-02,21.7,8.9
2011-09-03,22.1,10.3
2011-09-04,21.5,16.1
2011-09-05,22.3,8.8
2011-09-06,16.7,12.1
2011-09-07,16.1,6.9
2011-09-08,16.6,5.4
2011-09-09,15.6,7.6
2011-09-10,16.1,7.1
2011-09-11,16,8.4
2011-09-12,14.4,9.5
2011-09-13,19.2,10.8
2011-09-14,18.5,11.6
2011-09-15,17.8,5.7
2011-09-16,22.3,9.7
2011-09-17,25.4,8.1
2011-09-18,20.4,12.4
2011-09-19,28.3,9.5
2011-09-20,17.6,10.7
2011-09-21,20.7,9.5
2011-09-22,25,12.4
2011-09-23,16.4,11.3
2011-09-24,15.3,8.5
2011-09-25,19.7,8.9
2011-09-26,20.9,7.1
2011-09-27,22.5,12.1
2011-09-28,22.3,13.7
2011-09-29,16.3,11.7
2011-09-30,17.6,9.5
2011-10-01,14,9
2011-10-02,17.6,9.2
2011-10-03,19,5.6
2011-10-04,22.5,7.2
2011-10-05,21.9,11
2011-10-06,20.7,12.8
2011-10-07,20.5,13.1
2011-10-08,19.9,12.7
2011-10-09,16.1,12.1
2011-10-10,16.1,7.4
2011-10-11,16.8,10.1
2011-10-12,17.4,9.4
2011-10-13,21.2,7.8
2011-10-14,26.3,10.4
2011-10-15,24,15.6
2011-10-16,18.4,10.5
2011-10-17,18.7,7.7
2011-10-18,25.1,7.5
2011-10-19,29.2,12.9
2011-10-20,29.2,19.7
2011-10-21,16,14.8
2011-10-22,18.1,13.2
2011-10-23,30.3,13.4
2011-10-24,18.4,13.8
2011-10-25,17.6,10.7
2011-10-26,20.7,10.3
2011-10-27,25.9,11.9
2011-10-28,26.4,16.8
2011-10-29,22.9,15.4
2011-10-30,17.4,10.5
2011-10-31,17,10.9
2011-11-01,17.9,11.8
2011-11-02,15.8,12.6
2011-11-03,18.1,11.3
2011-11-04,20.5,12.6
2011-11-05,30.6,10.1
2011-11-06,26.7,17.7
2011-11-07,28.8,14.6
2011-11-08,26.9,16.8
2011-11-09,29.1,18.3
2011-11-10,22.7,14.5
2011-11-11,24.2,11.8
2011-11-12,24.4,14.9
2011-11-13,25.3,15
2011-11-14,26,15.9
2011-11-15,30.1,12.7
2011-11-16,20.8,13.6
2011-11-17,28.2,10.4
2011-11-18,35,15.2
2011-11-19,22.2,18.7
2011-11-20,23.3,13.1
2011-11-21,22.4,10.7
2011-11-22,20.2,12.9
2011-11-23,20.4,12.2
2011-11-24,25.3,11.3
2011-11-25,24.8,14.6
2011-11-26,19.1,16.9
2011-11-27,22.9,13
2011-11-28,28.9,15.2
2011-11-29,34.7,18.4
2011-11-30,19.3,15.9
2011-12-01,18.7,9.9
2011-12-02,20.6,10.7
2011-12-03,20.2,13.1
2011-12-04,18.6,11.8
2011-12-05,21.4,8.6
2011-12-06,25.9,10.5
2011-12-07,29.3,12.9
2011-12-08,32.4,15.7
2011-12-09,31.7,19.3
2011-12-10,29,19
2011-12-11,20.5,14.8
2011-12-12,20.9,12.7
2011-12-13,20,14.2
2011-12-14,20.2,13.7
2011-12-15,23.3,12.7
2011-12-16,29.3,13.7
2011-12-17,32.3,16.4
2011-12-18,26.1,21.9
2011-12-19,23.3,17.7
2011-12-20,22.4,15.5
2011-12-21,25.5,15.5
2011-12-22,27.6,14.2
2011-12-23,30.9,17.7
2011-12-24,27.1,18.2
2011-12-25,29.6,18.5
2011-12-26,20.7,17.5
2011-12-27,22.2,16
2011-12-28,22.1,14
2011-12-29,23,15.1
2011-12-30,28,15.7
2011-12-31,35.6,16.4
2012-01-01,33.9,18.3
2012-01-02,40,20.1
2012-01-03,29.8,23.5
2012-01-04,23,18.5
2012-01-05,21.8,14.4
2012-01-06,24.4,13.8
2012-01-07,29.9,14.8
2012-01-08,29.8,19.5
2012-01-09,24.6,14.7
2012-01-10,20.1,13.8
2012-01-11,19,13
2012-01-12,21.5,12.5
2012-01-13,20.9,13.3
2012-01-14,19.9,13.8
2012-01-15,24,15.1
2012-01-16,33.6,14.6
2012-01-17,34.3,23.7
2012-01-18,24.6,22.4
2012-01-19,24,15.6
2012-01-20,21.5,16.3
2012-01-21,28.2,17.4
2012-01-22,33,16.8
2012-01-23,33.5,18.6
2012-01-24,35,20.4
2012-01-25,25,20.3
2012-01-26,24.5,16.1
2012-01-27,30.7,16.6
2012-01-28,30.4,20
2012-01-29,34.9,20.5
2012-01-30,32.5,22.3
2012-01-31,20.8,15.1
2012-02-01,24.5,12.9
2012-02-02,27.1,13.7
2012-02-03,27.1,15.3
2012-02-04,32.9,16.3
2012-02-05,32.1,20.7
2012-02-06,23.8,13.5
2012-02-07,22,14.5
2012-02-08,22.2,13.7
2012-02-09,25.2,12.4
2012-02-10,26.9,15.5
2012-02-11,21.9,15.6
2012-02-12,23.7,15.6
2012-02-13,24.7,16.8
2012-02-14,29,16
2012-02-15,34,17.4
2012-02-16,27.4,21.9
2012-02-17,23.9,18.4
2012-02-18,26.2,16.4
2012-02-19,30,16.9
2012-02-20,23.9,19.5
2012-02-21,24.4,17.8
2012-02-22,26.1,14.7
2012-02-23,25.8,16
2012-02-24,37.1,15
2012-02-25,37.1,18.8
2012-02-26,33.2,24.7
2012-02-27,25.1,21.6
2012-02-28,21.1,17.7
2012-02-29,23.3,16.2
2012-03-01,20.8,15.7
2012-03-02,23.7,14.9
2012-03-03,18.9,16.1
2012-03-04,27.1,15
2012-03-05,22.5,15.5
2012-03-06,22.3,15.5
2012-03-07,22,13.7
2012-03-08,21.8,14.9
2012-03-09,25.9,16.6
2012-03-10,21.9,15.6
2012-03-11,21.8,12.7
2012-03-12,24.3,15.5
2012-03-13,29.9,13.5
2012-03-14,31.6,16.8
2012-03-15,27.2,21.2
2012-03-16,23.4,18
2012-03-17,22.2,12.6
2012-03-18,23.2,13.9
2012-03-19,28.2,13
2012-03-20,27.6,15.8
2012-03-21,21.1,17.9
2012-03-22,20.8,11.4
2012-03-23,18,12.8
2012-03-24,18.2,12.2
2012-03-25,19.1,12.4
2012-03-26,21,9.4
2012-03-27,21,11.2
2012-03-28,23.6,14.1
2012-03-29,26.7,12.3
2012-03-30,28.2,14.2
2012-03-31,29.2,16
2012-04-01,21.7,16.4
2012-04-02,25.5,10.9
2012-04-03,26,15.3
2012-04-04,26.3,13.5
2012-04-05,27.4,13.7
2012-04-06,28.5,16
2012-04-07,19.2,11.5
2012-04-08,19.8,10.2
2012-04-09,16.8,12.2
2012-04-10,16.5,8.4
2012-04-11,19.6,10.8
2012-04-12,23.2,8.2
2012-04-13,25.4,10.2
2012-04-14,24.8,12.5
2012-04-15,27.2,16.9
2012-04-16,21.2,14.7
2012-04-17,23.4,11.1
2012-04-18,25.3,12
2012-04-19,24.2,15.3
2012-04-20,22.6,14.6
2012-04-21,23.8,13.4
2012-04-22,23.3,13.6
2012-04-23,19.2,14.5
2012-04-24,15.1,7.9
2012-04-25,15.9,9.3
2012-04-26,18.2,11.2
2012-04-27,20,10.3
2012-04-28,21.6,9.3
2012-04-29,17.9,11.9
2012-04-30,18.3,6.2
2012-05-01,22.6,8.2
2012-05-02,15.2,11.8
2012-05-03,13,8.4
2012-05-04,17.1,10.8
2012-05-05,14.1,9.7
2012-05-06,16.2,9.9
2012-05-07,15.4,10.7
2012-05-08,20.7,12.4
2012-05-09,22.3,14.4
2012-05-10,20.6,10.7
2012-05-11,18.5,12
2012-05-12,16.8,8.8
2012-05-13,15,10.3
2012-05-14,17.4,10.4
2012-05-15,18.2,10.6
2012-05-16,17.8,11.9
2012-05-17,19.2,9.4
2012-05-18,17,10.3
2012-05-19,15.9,11.2
2012-05-20,16.5,8.5
2012-05-21,17,4.6
2012-05-22,18.3,9.4
2012-05-23,20.5,11.4
2012-05-24,15.7,10.9
2012-05-25,11,9.3
2012-05-26,16.1,8.5
2012-05-27,15.1,10.1
2012-05-28,15.1,10.9
2012-05-29,14.8,10.1
2012-05-30,15.1,9.5
2012-05-31,17.5,5.7
2012-06-01,17.7,6.2
2012-06-02,16.3,4.8
2012-06-03,14.3,6.6
2012-06-04,14.1,9.7
2012-06-05,12.6,10.8
2012-06-06,15.3,8.9
2012-06-07,14.1,10.4
2012-06-08,15,10.7
2012-06-09,12.8,10
2012-06-10,13.1,8.8
2012-06-11,11.6,4.2
2012-06-12,16.5,3.4
2012-06-13,16.6,5.2
2012-06-14,15.4,8.9
2012-06-15,16.6,11.3
2012-06-16,14.8,8.7
2012-06-17,15.3,10.1
2012-06-18,15.6,9.3
2012-06-19,14.8,8.1
2012-06-20,13.6,4.7
2012-06-21,10.5,8.7
2012-06-22,12.5,8.4
2012-06-23,14.2,5.9
2012-06-24,16.5,7.1
2012-06-25,15.6,11.4
2012-06-26,12.5,7.7
2012-06-27,14.3,4.4
2012-06-28,14.3,6.1
2012-06-29,14,10.7
2012-06-30,12.6,7.8
2012-07-01,10.5,6.4
2012-07-02,12.4,7.1
2012-07-03,14.4,8.9
2012-07-04,14,8.7
2012-07-05,13.6,5.4
2012-07-06,12.1,5.7
2012-07-07,14.5,2.3
2012-07-08,15.3,3.2
2012-07-09,16.5,5.4
2012-07-10,14.3,10.3
2012-07-11,15.8,11.4
2012-07-12,14,11.7
2012-07-13,14.9,9.6
2012-07-14,14,10.4
2012-07-15,15.5,7.7
2012-07-16,17.2,8.8
2012-07-17,16.6,11.3
2012-07-18,15,8.9
2012-07-19,15,4.1
2012-07-20,16.4,6.8
2012-07-21,17.6,7.2
2012-07-22,16.7,8.3
2012-07-23,16.5,4
2012-07-24,15.1,5.6
2012-07-25,15.9,8.1
2012-07-26,13.3,9.3
2012-07-27,14.6,9.9
2012-07-28,16.1,8.2
2012-07-29,13.2,7.2
2012-07-30,15.8,7.3
2012-07-31,15.1,8.5
2012-08-01,14.2,3.7
2012-08-02,12.5,3.1
2012-08-03,16.2,6.5
2012-08-04,16.7,10
2012-08-05,17.2,10
2012-08-06,13.8,6.8
2012-08-07,16,6.3
2012-08-08,10.8,9.3
2012-08-09,11.6,8.1
2012-08-10,15.1,8
2012-08-11,15.5,9.6
2012-08-12,15.8,9.7
2012-08-13,16.6,5.5
2012-08-14,14.6,7
2012-08-15,15.4,5.8
2012-08-16,15.2,6.8
2012-08-17,11.4,8.6
2012-08-18,13.4,8.9
2012-08-19,13.8,9.1
2012-08-20,14,8.4
2012-08-21,16.2,7.8
2012-08-22,21.2,11.1
2012-08-23,17.9,13.1
2012-08-24,14.4,7.9
2012-08-25,14.8,6.7
2012-08-26,15.1,8.8
2012-08-27,15.3,6.6
2012-08-28,17.8,9.3
2012-08-29,20.9,11.6
2012-08-30,14,7.9
2012-08-31,15.1,7.7
2012-09-01,15.3,9
2012-09-02,19.2,5.3
2012-09-03,22.3,9.9
2012-09-04,24.1,12.5
2012-09-05,20,15.9
2012-09-06,19.2,13.3
2012-09-07,15.4,8.3
2012-09-08,16.7,9.7
2012-09-09,19,10.1
2012-09-10,18.9,7.5
2012-09-11,21.8,7.7
2012-09-12,20.9,11
2012-09-13,14.8,8.7
2012-09-14,15.9,6.1
2012-09-15,15.8,10.2
2012-09-16,17,7.6
2012-09-17,16.7,10.9
2012-09-18,17.1,8.7
2012-09-19,17.6,11.3
2012-09-20,22.4,11.6
2012-09-21,18.2,13.3
2012-09-22,21.3,11.6
2012-09-23,20,13.2
2012-09-24,15.2,7.9
2012-09-25,18,6.3
2012-09-26,21.5,7
2012-09-27,26.6,15.2
2012-09-28,16.7,13.5
2012-09-29,13.5,6.3
2012-09-30,15.8,7.2
2012-10-01,18.2,10
2012-10-02,22.2,11.6
2012-10-03,27.2,9.9
2012-10-04,31.4,16.9
2012-10-05,18,11.9
2012-10-06,13.9,11.3
2012-10-07,15.7,6.8
2012-10-08,16.3,9.2
2012-10-09,18.1,8.3
2012-10-10,15.8,7.3
2012-10-11,13.4,6.9
2012-10-12,15.2,8.8
2012-10-13,17.1,10.2
2012-10-14,22.5,8.3
2012-10-15,26.7,12.1
2012-10-16,20.6,12
2012-10-17,17.2,8.6
2012-10-18,21.4,9
2012-10-19,28.4,11.7
2012-10-20,22.2,12.8
2012-10-21,19.2,11.2
2012-10-22,18.6,8.1
2012-10-23,23.4,8.5
2012-10-24,22.7,13
2012-10-25,21.2,17.9
2012-10-26,15.7,10.5
2012-10-27,15.5,9.2
2012-10-28,18,10.9
2012-10-29,25.4,9.3
2012-10-30,32,13.2
2012-10-31,30.2,18.6
2012-11-01,16,12.8
2012-11-02,16.8,10.6
2012-11-03,22,10.4
2012-11-04,29.1,12.1
2012-11-05,26.8,19.9
2012-11-06,22.9,20.1
2012-11-07,19.6,14.8
2012-11-08,23,12.3
2012-11-09,18.9,12.5
2012-11-10,19.3,9.5
2012-11-11,27.4,8.2
2012-11-12,26.8,17.2
2012-11-13,19.8,11.9
2012-11-14,19.6,10.4
2012-11-15,19.8,10.8
2012-11-16,19.3,12.3
2012-11-17,19,12.5
2012-11-18,19.7,10.6
2012-11-19,24,11.3
2012-11-20,28.1,12.3
2012-11-21,20.9,17
2012-11-22,21.7,11.8
2012-11-23,21.8,14.5
2012-11-24,34.5,13.3
2012-11-25,21.8,16.4
2012-11-26,22.2,13.7
2012-11-27,22.9,15.2
2012-11-28,28.1,15.3
2012-11-29,39.6,17.8
2012-11-30,27.7,24.1
2012-12-01,27.4,17.6
2012-12-02,20.7,13.5
2012-12-03,21.4,14.2
2012-12-04,18.9,12
2012-12-05,18.2,12.3
2012-12-06,21.2,12.6
2012-12-07,30.6,14
2012-12-08,37,18.6
2012-12-09,21.1,14.6
2012-12-10,21.4,11.9
2012-12-11,29.1,12.6
2012-12-12,34.3,14.8
2012-12-13,35.1,22
2012-12-14,22.9,18.9
2012-12-15,24.8,19.3
2012-12-16,23.1,16.2
2012-12-17,22,11.8
2012-12-18,27.8,12.3
2012-12-19,32.6,17.1
2012-12-20,23.5,13.8
2012-12-21,22.4,14.5
2012-12-22,28.3,11.9
2012-12-23,38.3,16.2
2012-12-24,27.6,24.3
2012-12-25,21.9,14.7
2012-12-26,22.4,13.5
2012-12-27,31.2,14.8
2012-12-28,21.7,15.5
2012-12-29,23.3,14.6
2012-12-30,21.9,14.3
2012-12-31,24.7,13.5
2013-01-01,25.3,15.4
2013-01-02,22.2,15.3
2013-01-03,37.1,13.7
2013-01-04,41.1,19.5
2013-01-05,25.7,20
2013-01-06,25.7,16.7
2013-01-07,30.3,16.2
2013-01-08,30.3,18.3
2013-01-09,21,13.1
2013-01-10,27.2,14.2
2013-01-11,39.4,17.3
2013-01-12,24.1,16.6
2013-01-13,20.8,16.2
2013-01-14,21.8,14.1
2013-01-15,27.7,12.5
2013-01-16,25.5,14.9
2013-01-17,40.8,15.6
2013-01-18,25.9,20.5
2013-01-19,23,16.9
2013-01-20,25,14.5
2013-01-21,25.7,17.1
2013-01-22,26.3,17.9
2013-01-23,24.6,16.5
2013-01-24,36.6,15
2013-01-25,27.4,19.4
2013-01-26,21.7,16.3
2013-01-27,24.1,15
2013-01-28,24.4,15.9
2013-01-29,21.7,14.5
2013-01-30,29.1,12.2
2013-01-31,24.7,16.2
2013-02-01,21.1,12.2
2013-02-02,21.8,13.9
2013-02-03,26.1,16.1
2013-02-04,22.7,17.2
2013-02-05,28.9,15.9
2013-02-06,37.2,16.1
2013-02-07,30.9,20.1
2013-02-08,30,18.1
2013-02-09,30.2,16.5
2013-02-10,23.5,15.6
2013-02-11,25.7,15.9
2013-02-12,26,16.2
2013-02-13,32.7,15.7
2013-02-14,33,18.8
2013-02-15,31.4,19.7
2013-02-16,35.4,19.5
2013-02-17,35.7,19.8
2013-02-18,36.7,21.2
2013-02-19,21,20.5
2013-02-20,29.5,15.8
2013-02-21,31.8,17.3
2013-02-22,32.6,20.7
2013-02-23,32.1,19.4
2013-02-24,34.3,19.4
2013-02-25,29.7,22.2
2013-02-26,27.5,17.3
2013-02-27,27.6,17.7
2013-02-28,21.4,14.2
2013-03-01,25.1,14.4
2013-03-02,26.9,14.9
2013-03-03,29.1,13.9
2013-03-04,32.7,17.3
2013-03-05,33.6,18
2013-03-06,33.8,18.8
2013-03-07,35.5,22
2013-03-08,33,21.1
2013-03-09,35.8,21.9
2013-03-10,35.4,23.3
2013-03-11,37.1,20.6
2013-03-12,36.2,22.3
2013-03-13,27.2,26.5
2013-03-14,24.2,16.1
2013-03-15,23.9,17.8
2013-03-16,23,17
2013-03-17,19.9,11.5
2013-03-18,21.9,12.5
2013-03-19,24,11.4
2013-03-20,28.8,13
2013-03-21,23.8,16.2
2013-03-22,20.5,14.7
2013-03-23,24.2,14.8
2013-03-24,25.7,16.5
2013-03-25,23.8,13.7
2013-03-26,31.4,16.2
2013-03-27,35.6,19.2
2013-03-28,22.3,15.6
2013-03-29,18.5,10.9
2013-03-30,22.4,12
2013-03-31,19.2,13.9
2013-04-01,20.1,9.5
2013-04-02,19.9,11.7
2013-04-03,17.8,14
2013-04-04,21,10.2
2013-04-05,25.2,10
2013-04-06,28.2,11.9
2013-04-07,27.4,14.1
2013-04-08,23.3,16.9
2013-04-09,23.5,14.1
2013-04-10,24.8,12.3
2013-04-11,18.4,14.6
2013-04-12,25.1,12
2013-04-13,24.3,15.3
2013-04-14,22.5,16.4
2013-04-15,16,13.8
2013-04-16,20.2,11.5
2013-04-17,19.3,11.6
2013-04-18,18.5,11.1
2013-04-19,18.4,9.8
2013-04-20,19,9.8
2013-04-21,20.7,6.9
2013-04-22,17.2,10.9
2013-04-23,19.7,12
2013-04-24,20.9,13.6
2013-04-25,21.2,10.8
2013-04-26,23.6,13.9
2013-04-27,24.5,14.7
2013-04-28,19.5,16.6
2013-04-29,18.4,10.6
2013-04-30,19.3,7.9
2013-05-01,16.5,9.3
2013-05-02,18.3,7
2013-05-03,19,9.3
2013-05-04,17.1,11.3
2013-05-05,15.1,11.3
2013-05-06,19,5.7
2013-05-07,20.2,7.2
2013-05-08,23,10.5
2013-05-09,25.5,13.5
2013-05-10,25.1,12.7
2013-05-11,24.9,13.5
2013-05-12,22.1,16.5
2013-05-13,17,14.3
2013-05-14,13.6,7.8
2013-05-15,16.1,9.3
2013-05-16,16,10.3
2013-05-17,16.4,9.8
2013-05-18,15.3,10
2013-05-19,17.3,9.1
2013-05-20,13.9,10.7
2013-05-21,17,7.4
2013-05-22,15.4,6.3
2013-05-23,17,5.6
2013-05-24,16.7,4.9
2013-05-25,19.1,7.9
2013-05-26,16.3,11.1
2013-05-27,15.7,11.7
2013-05-28,18.3,5.2
2013-05-29,18.9,7.2
2013-05-30,15.7,12.1
2013-05-31,18.6,14
2013-06-01,16.3,13.7
2013-06-02,17.8,10.3
2013-06-03,15.8,10.3
2013-06-04,15.3,11.8
2013-06-05,14.2,12
2013-06-06,17.3,12.5
2013-06-07,15.9,10.9
2013-06-08,16.1,4.9
2013-06-09,14.3,6.1
2013-06-10,16.4,6.8
2013-06-11,14.9,9.7
2013-06-12,13.5,9.4
2013-06-13,13,10.8
2013-06-14,15.6,11
2013-06-15,14.8,9.7
2013-06-16,14.9,9.3
2013-06-17,12.1,7.2
2013-06-18,15.9,8.5
2013-06-19,15,4.8
2013-06-20,15.2,2.3
2013-06-21,15.4,3.2
2013-06-22,14.8,2.9
2013-06-23,14.2,1.5
2013-06-24,12.1,2.1
2013-06-25,17.2,4
2013-06-26,17.5,2.9
2013-06-27,17.6,4.7
2013-06-28,16.9,6.7
2013-06-29,14.5,6.7
2013-06-30,18.3,5.4
2013-07-01,18.1,7.4
2013-07-02,19.2,12.7
2013-07-03,16,9.9
2013-07-04,16.3,9.6
2013-07-05,13.9,9
2013-07-06,16.2,9.4
2013-07-07,13.6,6.3
2013-07-08,15.1,4.3
2013-07-09,14.5,3.1
2013-07-10,15.2,3.1
2013-07-11,16,4.2
2013-07-12,17.5,5.9
2013-07-13,15.1,8
2013-07-14,16.1,10.8
2013-07-15,19.5,12.5
2013-07-16,16.7,10.6
2013-07-17,18.2,10.5
2013-07-18,23.3,12.9
2013-07-19,17,14.3
2013-07-20,9.7,7.9
2013-07-21,11.1,5.7
2013-07-22,14.3,6.4
2013-07-23,13.9,8
2013-07-24,14.4,10.6
2013-07-25,12.4,4.1
2013-07-26,15.1,7.8
2013-07-27,14.1,9.3
2013-07-28,18.2,10.5
2013-07-29,19.5,12.2
2013-07-30,16.2,10.3
2013-07-31,15.7,3.6
2013-08-01,14.8,5.2
2013-08-02,13.9,7.7
2013-08-03,12.9,7.2
2013-08-04,14.1,8.3
2013-08-05,16.1,9.4
2013-08-06,16.8,11
2013-08-07,13.7,6.9
2013-08-08,15.4,7
2013-08-09,11.7,8.3
2013-08-10,18.3,8.8
2013-08-11,16.5,8.4
2013-08-12,14.7,10.5
2013-08-13,16.5,8.4
2013-08-14,14.4,10.7
2013-08-15,17.9,7.4
2013-08-16,17.5,10.5
2013-08-17,15.8,9.4
2013-08-18,17.7,10.9
2013-08-19,14,7.6
2013-08-20,13.5,5.3
2013-08-21,14.1,6.8
2013-08-22,15.4,9.4
2013-08-23,15.1,11.1
2013-08-24,16.8,10.3
2013-08-25,17.4,11.5
2013-08-26,19.1,10.9
2013-08-27,20.6,9.1
2013-08-28,22.5,11.3
2013-08-29,23.1,13.9
2013-08-30,19.3,14.6
2013-08-31,22.5,10.6
2013-09-01,23.8,14.5
2013-09-02,21.2,14.8
2013-09-03,24.6,10.6
2013-09-04,23.9,14.2
2013-09-05,19.8,19.7
2013-09-06,15.3,11.8
2013-09-07,20.1,8.8
2013-09-08,18.3,8.8
2013-09-09,22.9,11.5
2013-09-10,17.2,11.9
2013-09-11,17.9,11.2
2013-09-12,16,8.5
2013-09-13,16,3.9
2013-09-14,19.2,7.8
2013-09-15,21.8,10.4
2013-09-16,16.7,13
2013-09-17,19.6,12
2013-09-18,20.1,13.1
2013-09-19,17.3,10.2
2013-09-20,18.4,10.3
2013-09-21,19.3,6.4
2013-09-22,21.2,11.2
2013-09-23,24,9.9
2013-09-24,24.6,14.9
2013-09-25,24.8,16.5
2013-09-26,16.2,11.6
2013-09-27,20.2,7.2
2013-09-28,16.4,8.8
2013-09-29,21.4,7.6
2013-09-30,23.7,14.3
2013-10-01,17.7,11.6
2013-10-02,17.1,9.8
2013-10-03,16.5,8.2
2013-10-04,21.5,5.8
2013-10-05,25.5,12.8
2013-10-06,17.9,13.5
2013-10-07,17.9,9.3
2013-10-08,21.8,11
2013-10-09,26.7,13.6
2013-10-10,16.6,16.4
2013-10-11,21.3,10
2013-10-12,25.5,11.3
2013-10-13,17.4,12.3
2013-10-14,15,7.6
2013-10-15,19.5,9.4
2013-10-16,27.4,12.9
2013-10-17,16,10.8
2013-10-18,22.1,6.6
2013-10-19,26.5,12.2
2013-10-20,31.6,17.3
2013-10-21,17.6,14.8
2013-10-22,17.2,12.3
2013-10-23,16.1,12.9
2013-10-24,16,7.2
2013-10-25,16.3,7.5
2013-10-26,17.2,10.2
2013-10-27,18.2,9.9
2013-10-28,18.2,11.3
2013-10-29,18.4,11.7
2013-10-30,19.9,12.2
2013-10-31,18.4,12.3
2013-11-01,22.7,9.5
2013-11-02,26.1,12.8
2013-11-03,17.7,13.3
2013-11-04,17.8,10.3
2013-11-05,26,9.1
2013-11-06,30.7,12.2
2013-11-07,25.8,20.2
2013-11-08,18.6,14.4
2013-11-09,17.5,10.3
2013-11-10,18.1,9.7
2013-11-11,19.4,9.8
2013-11-12,15.9,12.4
2013-11-13,14.7,10
2013-11-14,17.5,10.7
2013-11-15,19,11.6
2013-11-16,19,10.7
2013-11-17,20.6,9.6
2013-11-18,27.7,11.5
2013-11-19,31.6,14.7
2013-11-20,18.9,14.4
2013-11-21,24.1,11.9
2013-11-22,23,13.3
2013-11-23,20.2,13.1
2013-11-24,19.6,11.7
2013-11-25,22.9,13.2
2013-11-26,29.1,10.3
2013-11-27,33.1,15.7
2013-11-28,24.2,21.8
2013-11-29,19.3,12
2013-11-30,19.8,12.3
2013-12-01,31,10.1
2013-12-02,36,16.6
2013-12-03,24.9,16.9
2013-12-04,21,17.2
2013-12-05,16.8,10.7
2013-12-06,19.1,7.9
2013-12-07,27.1,11
2013-12-08,27.8,16.3
2013-12-09,18.4,16.3
2013-12-10,21,12.5
2013-12-11,21.1,13.7
2013-12-12,24,11
2013-12-13,22.7,14.4
2013-12-14,20,14.4
2013-12-15,21.7,14
2013-12-16,21.4,14.8
2013-12-17,22.1,14.2
2013-12-18,26.9,13.9
2013-12-19,39.9,15.7
2013-12-20,24.2,21.3
2013-12-21,21.4,15.1
2013-12-22,28.4,16.6
2013-12-23,18.2,14.6
2013-12-24,23.3,13.5
2013-12-25,31.8,12.3
2013-12-26,27.6,17.7
2013-12-27,22.4,16.4
2013-12-28,36.5,14.8
2013-12-29,20.9,14.4
2013-12-30,22.6,11.6
2013-12-31,25.4,12
2014-01-01,26.3,16.2
2014-01-02,23.6,15.2
2014-01-03,22.3,13.9
2014-01-04,20.7,13.4
2014-01-05,26.7,10.9
2014-01-06,20.2,12.7
2014-01-07,20.8,14
2014-01-08,27.5,11.7
2014-01-09,33.3,14.3
2014-01-10,34.7,18.3
2014-01-11,22.7,17.8
2014-01-12,22.8,16.5
2014-01-13,31.1,15.2
2014-01-14,42.8,18.3
2014-01-15,41.7,28.6
2014-01-16,43.9,27
2014-01-17,43.9,25.6
2014-01-18,24,21.5
2014-01-19,22.8,16.2
2014-01-20,24.8,17
2014-01-21,23.7,16.8
2014-01-22,24.3,16.2
2014-01-23,30.4,13.6
2014-01-24,23,16.9
2014-01-25,21,15.5
2014-01-26,27.2,13
2014-01-27,35.3,16.9
2014-01-28,42,24.5
2014-01-29,25.1,18.4
2014-01-30,30,16
2014-01-31,27,18.6
2014-02-01,30.2,18.6
2014-02-02,39,18.3
2014-02-03,34,22.7
2014-02-04,26.2,14.8
2014-02-05,31.1,13.9
2014-02-06,35.6,17.4
2014-02-07,36.6,22.9
2014-02-08,41,18.6
2014-02-09,40.4,22.2
2014-02-10,24.9,15.9
2014-02-11,27,14.6
2014-02-12,27.2,17.1
2014-02-13,26.9,18.9
2014-02-14,27,19.4
2014-02-15,28.9,21
2014-02-16,24.1,17.1
2014-02-17,25.9,16.2
2014-02-18,30.4,14.5
2014-02-19,25.4,17.5
2014-02-20,20.8,12.6
2014-02-21,20.8,13.2
2014-02-22,20.2,14.2
2014-02-23,23.8,14.2
2014-02-24,25.2,14.6
2014-02-25,33,15.5
2014-02-26,22.6,15.1
2014-02-27,22.3,14.4
2014-02-28,23.5,13.8
2014-03-01,24.2,15.9
2014-03-02,23.4,16.9
2014-03-03,25.3,15.7
2014-03-04,33.7,16
2014-03-05,23,19.5
2014-03-06,21.4,14.3
2014-03-07,23.1,14.3
2014-03-08,28.4,15
2014-03-09,33.1,16.5
2014-03-10,32.7,21.3
2014-03-11,31.2,19.3
2014-03-12,22.2,16.7
2014-03-13,22.9,13.7
2014-03-14,27.3,14.9
2014-03-15,29.6,17.3
2014-03-16,20.5,13.7
2014-03-17,24.9,14.2
2014-03-18,25.1,15.9
2014-03-19,22.7,13.7
2014-03-20,30.9,11.2
2014-03-21,23.6,14.6
2014-03-22,19.6,13.3
2014-03-23,19.3,13.9
2014-03-24,19,12.5
2014-03-25,24.6,12.1
2014-03-26,27,14.1
2014-03-27,25.4,17.1
2014-03-28,22.1,17.1
2014-03-29,24.4,12.7
2014-03-30,26.5,14.6
2014-03-31,30.9,16.6
2014-04-01,33.4,18.9
2014-04-02,24.9,23
2014-04-03,18.3,15.1
2014-04-04,20.7,14.6
2014-04-05,24.5,15
2014-04-06,25.4,12.5
2014-04-07,24.9,13.3
2014-04-08,22,16.6
2014-04-09,18,16.7
2014-04-10,19.3,16.5
2014-04-11,19.2,17
2014-04-12,23,15.5
2014-04-13,22.5,13
2014-04-14,21.1,12.5
2014-04-15,21.9,12.6
2014-04-16,22.3,10
2014-04-17,25.1,11.2
2014-04-18,19,13.9
2014-04-19,18.1,11.7
2014-04-20,19.1,12.7
2014-04-21,18.5,12.5
2014-04-22,16.8,13.3
2014-04-23,19.4,11.9
2014-04-24,18.8,12.3
2014-04-25,20.9,6.5
2014-04-26,19.3,9
2014-04-27,17.6,9.5
2014-04-28,22.4,6.5
2014-04-29,20,13.9
2014-04-30,17.8,10.5
2014-05-01,16.2,6.3
2014-05-02,14.3,9.1
2014-05-03,17.6,10.1
2014-05-04,14.2,8.7
2014-05-05,16.7,9.8
2014-05-06,16.5,10.7
2014-05-07,16.5,9.7
2014-05-08,18.9,4.3
2014-05-09,18.6,7
2014-05-10,16.6,12.1
2014-05-11,20,9.7
2014-05-12,20.1,7.8
2014-05-13,20.4,8.3
2014-05-14,20.5,8.7
2014-05-15,22.5,13.9
2014-05-16,23.2,16.8
2014-05-17,20.1,16.8
2014-05-18,21.5,17.3
2014-05-19,23.5,17.4
2014-05-20,21.8,14.2
2014-05-21,23.8,11
2014-05-22,21.1,12.5
2014-05-23,20.7,15.5
2014-05-24,18.1,10.9
2014-05-25,20.5,12.2
2014-05-26,22.1,12.3
2014-05-27,20.1,15.8
2014-05-28,19,13
2014-05-29,15.9,9.8
2014-05-30,17.9,6.4
2014-05-31,18.8,7
2014-06-01,15.1,11.4
2014-06-02,17.4,11.5
2014-06-03,16.6,12.6
2014-06-04,18.6,10.8
2014-06-05,17.1,11.9
2014-06-06,16.6,8.5
2014-06-07,17.5,10.5
2014-06-08,15.9,11.2
2014-06-09,15.6,8.6
2014-06-10,19,9.7
2014-06-11,16.6,6.9
2014-06-12,16.3,9.2
2014-06-13,17,12.2
2014-06-14,15.8,10.3
2014-06-15,16.4,9.9
2014-06-16,17,10.4
2014-06-17,16.3,10.1
2014-06-18,14.3,11.1
2014-06-19,12.3,8
2014-06-20,15.5,9.3
2014-06-21,15.7,11.3
2014-06-22,15.8,7.7
2014-06-23,14.7,8.5
2014-06-24,14.5,7.1
2014-06-25,16,8.6
2014-06-26,16.8,11.2
2014-06-27,14.7,11
2014-06-28,13,9.6
2014-06-29,11.3,8.8
2014-06-30,13.3,6.5
2014-07-01,13.4,8.3
2014-07-02,17.3,10.8
2014-07-03,12.7,7.7
2014-07-04,12.9,8.2
2014-07-05,15.4,8.6
2014-07-06,14.1,10.3
2014-07-07,16,9
2014-07-08,14.9,9.2
2014-07-09,11.2,9.3
2014-07-10,15.6,7.7
2014-07-11,14.4,8
2014-07-12,11.6,7.2
2014-07-13,15,5.2
2014-07-14,13.4,6.9
2014-07-15,13.1,8.3
2014-07-16,14.7,9.7
2014-07-17,12.3,8.8
2014-07-18,14.3,5.9
2014-07-19,13.5,8.5
2014-07-20,13.7,7.9
2014-07-21,13.2,4.9
2014-07-22,12.5,5.6
2014-07-23,13.7,4.5
2014-07-24,15,4.5
2014-07-25,16.1,8.8
2014-07-26,15.3,12.3
2014-07-27,17,7
2014-07-28,16.9,9.7
2014-07-29,16.5,11.4
2014-07-30,19.1,11.9
2014-07-31,19.9,13.7
2014-08-01,10.3,6
2014-08-02,13.6,4.7
2014-08-03,14.8,1.4
2014-08-04,15.3,1.8
2014-08-05,16.8,4.4
2014-08-06,16.5,10.6
2014-08-07,14,10.7
2014-08-08,16.4,10.7
2014-08-09,15.1,8.1
2014-08-10,14,9.4
2014-08-11,13.6,5.8
2014-08-12,13,6.4
2014-08-13,15.7,8.1
2014-08-14,15.1,10
2014-08-15,17.5,4
2014-08-16,13.4,5.9
2014-08-17,16.7,7.5
2014-08-18,13.6,9.9
2014-08-19,13.9,10.7
2014-08-20,13.6,10.2
2014-08-21,18.1,8.4
2014-08-22,21.2,7.2
2014-08-23,20.5,7.3
2014-08-24,16.3,11
2014-08-25,16.7,10.7
2014-08-26,19.4,7.8
2014-08-27,19.9,7.1
2014-08-28,20.2,8.1
2014-08-29,15.3,8
2014-08-30,21.4,11.2
2014-08-31,21.6,10.8
2014-09-01,15.4,15
2014-09-02,16.4,9.1
2014-09-03,15.4,7.8
2014-09-04,16.4,5.7
2014-09-05,16.9,5
2014-09-06,19.4,6.3
2014-09-07,21.2,6.6
2014-09-08,21.2,10.8
2014-09-09,20.4,15.6
2014-09-10,19.7,11.4
2014-09-11,17.4,11.5
2014-09-12,16.3,6.3
2014-09-13,18.9,6.6
2014-09-14,20.9,7.3
2014-09-15,18.7,9.3
2014-09-16,15,11.2
2014-09-17,16.7,8.9
2014-09-18,14,7.7
2014-09-19,15.7,8.6
2014-09-20,17.5,10
2014-09-21,17.5,11.7
2014-09-22,23.7,5.6
2014-09-23,25.8,10.2
2014-09-24,23.7,15.2
2014-09-25,17.1,13.6
2014-09-26,19.5,10.7
2014-09-27,23.4,8.8
2014-09-28,28,15.5
2014-09-29,23.6,14.4
2014-09-30,24.2,14.2
2014-10-01,16.6,7.1
2014-10-02,17.9,9.4
2014-10-03,19.4,10.8
2014-10-04,26.5,9
2014-10-05,19.5,13.9
2014-10-06,25.3,9.3
2014-10-07,18.4,12.2
2014-10-08,18.8,8.8
2014-10-09,23.3,9.8
2014-10-10,24.9,13.6
2014-10-11,21.6,13.9
2014-10-12,30,10.3
2014-10-13,16.7,10.2
2014-10-14,17.3,8.6
2014-10-15,17.5,8.4
2014-10-16,17.2,10.8
2014-10-17,18.4,10.6
2014-10-18,24.4,8.7
2014-10-19,29.1,14.7
2014-10-20,21.2,10.8
2014-10-21,29.1,8.3
2014-10-22,31.8,14
2014-10-23,22.7,15.2
2014-10-24,30.6,15.2
2014-10-25,20.3,14.6
2014-10-26,24.6,13.9
2014-10-27,20,13.8
2014-10-28,20.5,11.5
2014-10-29,23.2,10.9
2014-10-30,22.3,13.7
2014-10-31,32.9,10.8
2014-11-01,17.9,13.6
2014-11-02,16.8,9
2014-11-03,23.3,10.5
2014-11-04,29.4,13.3
2014-11-05,18.8,13
2014-11-06,23.9,11
2014-11-07,33,11.6
2014-11-08,35.2,19.3
2014-11-09,20,13.1
2014-11-10,21.1,11.6
2014-11-11,19.2,12.8
2014-11-12,25.1,9.5
2014-11-13,31.3,13.3
2014-11-14,20.9,18.9
2014-11-15,18.1,12.4
2014-11-16,19.3,10.9
2014-11-17,21.1,12.4
2014-11-18,21.2,11.3
2014-11-19,30.1,11.6
2014-11-20,28.7,16.2
2014-11-21,23.9,16.8
2014-11-22,31.4,13.4
2014-11-23,25.5,17
2014-11-24,19.9,15.7
2014-11-25,22.3,11
2014-11-26,19.8,11.8
2014-11-27,20.2,13.2
2014-11-28,21,12.1
2014-11-29,25,13.3
2014-11-30,34.8,15.5
2014-12-01,29.3,21.1
2014-12-02,26.1,16.7
2014-12-03,23.9,16.5
2014-12-04,27.7,17.6
2014-12-05,21.4,17.7
2014-12-06,22.9,15.6
2014-12-07,17.9,13.8
2014-12-08,21.8,14
2014-12-09,21.7,15.5
2014-12-10,21.3,13.7
2014-12-11,22.1,16.3
2014-12-12,27.8,14.3
2014-12-13,31.5,15.1
2014-12-14,26.2,21.4
2014-12-15,24.2,16.7
2014-12-16,32.6,16.6
2014-12-17,22.7,12.2
2014-12-18,24.6,12.1
2014-12-19,21.1,11.3
2014-12-20,23.8,12.6
2014-12-21,33.8,13.7
2014-12-22,25.2,17.9
2014-12-23,26.8,19.9
2014-12-24,23,14.4
2014-12-25,24.1,14.4
2014-12-26,21.1,10.9
2014-12-27,23,12.2
2014-12-28,32.1,13.4
2014-12-29,26.4,17.5
2014-12-30,24.6,13.4
2014-12-31,25.8,11.9
2015-01-01,27.3,14
2015-01-02,39.4,15.9
2015-01-03,38.4,20.8
2015-01-04,23.9,16.4
2015-01-05,23.9,15.6
2015-01-06,26,17.6
2015-01-07,37.4,18.9
2015-01-08,28.2,23.1
2015-01-09,18,16.5
2015-01-10,21.7,13.6
2015-01-11,27.5,15.6
2015-01-12,31.3,16.1
2015-01-13,25.6,20.2
2015-01-14,22.7,18.3
2015-01-15,20,15.8
2015-01-16,27.3,13.1
2015-01-17,25,15.9
2015-01-18,19.5,15.3
2015-01-19,23.6,13.5
2015-01-20,30.4,13
2015-01-21,33.1,19.7
2015-01-22,35.8,18.7
2015-01-23,25,20.2
2015-01-24,26.3,15.8
2015-01-25,22,14.7
2015-01-26,19.8,11.6
2015-01-27,19.1,11.7
2015-01-28,25.4,13.3
2015-01-29,22.2,12.8
2015-01-30,21,13.1
2015-01-31,20.2,14.3
2015-02-01,19,13.2
2015-02-02,21.1,13.5
2015-02-03,20,16.1
2015-02-04,19,14.8
2015-02-05,24.2,13.3
2015-02-06,35.7,14.5
2015-02-07,35,18.8
2015-02-08,21.5,18.9
2015-02-09,28.3,13.6
2015-02-10,27.8,16.4
2015-02-11,26.8,18.1
2015-02-12,21.9,17.8
2015-02-13,32.4,16.1
2015-02-14,25.1,19
2015-02-15,34.4,18.2
2015-02-16,24.6,17.4
2015-02-17,20.6,17.6
2015-02-18,21.2,17.7
2015-02-19,26.9,18.2
2015-02-20,25.3,17.4
2015-02-21,36.1,18.1
2015-02-22,35.3,20.3
2015-02-23,29.3,21.1
2015-02-24,20.1,15.9
2015-02-25,27,14
2015-02-26,23.2,16
2015-02-27,24.3,14.8
2015-02-28,32.3,17.9
2015-03-01,20.8,15.2
2015-03-02,23,11.6
2015-03-03,22.7,15.5
2015-03-04,23.5,15.4
2015-03-05,18.6,12.6
2015-03-06,21.1,14.1
2015-03-07,22.6,15.4
2015-03-08,24.4,16.2
2015-03-09,23.8,14.4
2015-03-10,21.7,16.2
2015-03-11,23.8,11.2
2015-03-12,19.9,13
2015-03-13,20.4,14.4
2015-03-14,30.1,9.4
2015-03-15,18.3,13.1
2015-03-16,25.5,10.5
2015-03-17,26.2,13
2015-03-18,24.4,17.8
2015-03-19,33.5,16.5
2015-03-20,19.6,14.2
2015-03-21,22.7,11.9
2015-03-22,28.8,11.3
2015-03-23,27,13.6
2015-03-24,15.3,12.6
2015-03-25,20.4,13
2015-03-26,18,9.8
2015-03-27,18.1,11.6
2015-03-28,19.1,12.7
2015-03-29,22.7,8.5
2015-03-30,23.1,10.6
2015-03-31,25.3,11.2
2015-04-01,29,13.3
2015-04-02,17.2,12.8
2015-04-03,20.9,8
2015-04-04,23.5,8.5
2015-04-05,18.5,10.2
2015-04-06,18.4,11.2
2015-04-07,17.3,12.4
2015-04-08,17.7,13.3
2015-04-09,19.1,8.7
2015-04-10,18.7,8.6
2015-04-11,23.7,11.6
2015-04-12,18.3,12.1
2015-04-13,19.1,7.3
2015-04-14,24.7,10.5
2015-04-15,27.6,13.9
2015-04-16,17.8,15.6
2015-04-17,17.1,10.1
2015-04-18,21.9,13.5
2015-04-19,14.7,9.7
2015-04-20,16.2,7
2015-04-21,17.7,6.5
2015-04-22,19.5,9.1
2015-04-23,19.2,12.2
2015-04-24,21.1,14.4
2015-04-25,15,11.6
2015-04-26,15.4,10.4
2015-04-27,15.1,10.5
2015-04-28,16,10.1
2015-04-29,17.1,7.4
2015-04-30,19.6,6.4
2015-05-01,23.1,7.9
2015-05-02,22.2,11.6
2015-05-03,18.2,9.7
2015-05-04,22.3,7.5
2015-05-05,18.1,9.2
2015-05-06,16.2,9.5
2015-05-07,15.6,10.3
2015-05-08,15.9,10.5
2015-05-09,18.7,12.8
2015-05-10,16.6,12.8
2015-05-11,15.9,12.4
2015-05-12,17.4,12.8
2015-05-13,12.8,6.3
2015-05-14,14.6,7.3
2015-05-15,14.5,11.5
2015-05-16,16.2,11.3
2015-05-17,20.5,7.4
2015-05-18,20.4,7.2
2015-05-19,16.2,9.9
2015-05-20,18.1,13.6
2015-05-21,13.6,10.3
2015-05-22,14.1,9.1
2015-05-23,13.3,10.4
2015-05-24,15.6,6
2015-05-25,17.1,7.4
2015-05-26,15.6,5.4
2015-05-27,18.7,7.9
2015-05-28,19.7,13.1
2015-05-29,15.8,9.5
2015-05-30,17.3,11
2015-05-31,16.8,12.3
2015-06-01,12.2,5.2
2015-06-02,11.4,7.1
2015-06-03,13.6,8.1
2015-06-04,11.3,4.4
2015-06-05,15,7
2015-06-06,16.6,9.2
2015-06-07,14.5,11.2
2015-06-08,18.5,11.1
2015-06-09,13.5,10.3
2015-06-10,13.4,7.5
2015-06-11,14,5.7
2015-06-12,13.1,5.2
2015-06-13,18.2,6
2015-06-14,17.4,5.8
2015-06-15,16.9,7.1
2015-06-16,16.1,9.5
2015-06-17,13.8,11.7
2015-06-18,12.7,10.7
2015-06-19,12.4,7
2015-06-20,11.6,4.1
2015-06-21,12.9,2.2
2015-06-22,14.1,3.6
2015-06-23,17.6,9.6
2015-06-24,16,12.2
2015-06-25,14,9.6
2015-06-26,16.9,10.5
2015-06-27,14.1,8
2015-06-28,14.5,9.6
2015-06-29,12.3,6.9
2015-06-30,14.2,5
2015-07-01,15,7.4
2015-07-02,11.9,10.3
2015-07-03,12,5.9
2015-07-04,10.6,7.3
2015-07-05,14.9,8.2
2015-07-06,11.5,7.5
2015-07-07,14.2,7.4
2015-07-08,14.8,4.9
2015-07-09,13.4,6.5
2015-07-10,14.3,7.6
2015-07-11,13.1,10.9
2015-07-12,12.3,3.4
2015-07-13,12.7,6.1
2015-07-14,9.8,8.1
2015-07-15,10.5,5.8
2015-07-16,12.3,6.6
2015-07-17,12.3,7.3
2015-07-18,11.5,6.1
2015-07-19,12.1,0.6
2015-07-20,14.7,1.8
2015-07-21,17,4.2
2015-07-22,16.6,11.4
2015-07-23,16.1,5.1
2015-07-24,15,7.6
2015-07-25,13.3,9.4
2015-07-26,11.6,8.1
2015-07-27,13.9,6.2
2015-07-28,14.4,7.9
2015-07-29,14,8.4
2015-07-30,12.3,8.6
2015-07-31,14,4.1
2015-08-01,11.4,6.5
2015-08-02,14.9,7.8
2015-08-03,10.8,7.3
2015-08-04,11.3,3.5
2015-08-05,10.8,6.6
2015-08-06,12.8,7.1
2015-08-07,13.1,9
2015-08-08,12.6,8.8
2015-08-09,13.3,7.7
2015-08-10,16,8.3
2015-08-11,14.8,7.8
2015-08-12,14.8,9.3
2015-08-13,13,8.4
2015-08-14,15.3,10.4
2015-08-15,14.9,10
2015-08-16,17,4.7
2015-08-17,12.2,6.8
2015-08-18,11.1,6.1
2015-08-19,12.7,5.5
2015-08-20,17.1,6.1
2015-08-21,18.7,10.9
2015-08-22,18.8,11.8
2015-08-23,16.3,7.9
2015-08-24,14.5,8.5
2015-08-25,14.3,9.5
2015-08-26,14.6,9.2
2015-08-27,11.7,9.8
2015-08-28,13.2,8.1
2015-08-29,11.7,6.3
2015-08-30,12.5,7.9
2015-08-31,13,8.1
2015-09-01,16.2,5.1
2015-09-02,18.8,8
2015-09-03,14,10.6
2015-09-04,13.7,8.7
2015-09-05,14,10.2
2015-09-06,16.6,5.8
2015-09-07,13.6,8.9
2015-09-08,12.8,8.8
2015-09-09,15.3,10
2015-09-10,15.7,10
2015-09-11,20.1,5.1
2015-09-12,21.7,12.2
2015-09-13,25.5,13.2
2015-09-14,26.7,15.4
2015-09-15,15.9,10.8
2015-09-16,14.8,8.9
2015-09-17,14.3,9
2015-09-18,14.7,10.5
2015-09-19,21.3,6.5
2015-09-20,22.9,8.5
2015-09-21,18.1,14
2015-09-22,12.7,7.6
2015-09-23,12.6,8.5
2015-09-24,14.3,5.1
2015-09-25,19.1,5.8
2015-09-26,17.9,6.6
2015-09-27,20.2,9.8
2015-09-28,21.4,8.3
2015-09-29,16.9,9
2015-09-30,15.9,11.5
2015-10-01,21.6,6
2015-10-02,28.6,9.9
2015-10-03,31.3,16.3
2015-10-04,24.9,13.9
2015-10-05,34.4,12.7
2015-10-06,35.8,15.5
2015-10-07,16.2,11.8
2015-10-08,18.6,7.6
2015-10-09,29.9,10.9
2015-10-10,29.2,17.5
2015-10-11,19.2,16.9
2015-10-12,16.1,11.3
2015-10-13,17.6,7.9
2015-10-14,28.6,11.2
2015-10-15,34,14.4
2015-10-16,23.8,17
2015-10-17,20.5,11.5
2015-10-18,17.7,12.6
2015-10-19,26.7,8.3
2015-10-20,31.8,12.9
2015-10-21,18.3,17.6
2015-10-22,16.7,11.4
2015-10-23,16.4,11.8
2015-10-24,19.5,9.2
2015-10-25,31.3,10.2
2015-10-26,15.9,14
2015-10-27,23.3,10.4
2015-10-28,26.8,10.1
2015-10-29,26.1,13.7
2015-10-30,27.4,12.6
2015-10-31,25.9,15.7
2015-11-01,26,16.4
2015-11-02,16,14.5
2015-11-03,17.9,8
2015-11-04,27.2,10.9
2015-11-05,24.7,16.2
2015-11-06,18.7,16.6
2015-11-07,16.8,11.9
2015-11-08,24.8,8.5
2015-11-09,33.1,13.6
2015-11-10,16.4,15.2
2015-11-11,20.1,11.5
2015-11-12,21.2,13.7
2015-11-13,18.2,13.5
2015-11-14,18.3,12.1
2015-11-15,18.5,13
2015-11-16,26.3,11.4
2015-11-17,33.3,15.7
2015-11-18,29.5,14.7
2015-11-19,31.5,15.6
2015-11-20,19.1,15.4
2015-11-21,17.5,12.2
2015-11-22,20,13.5
2015-11-23,20.7,13.8
2015-11-24,24.5,13.6
2015-11-25,33.3,13.5
2015-11-26,17.4,10.8
2015-11-27,18.2,9
2015-11-28,20.1,12
2015-11-29,20.3,12.6
2015-11-30,32.2,10
2015-12-01,24.6,14.5
2015-12-02,17.5,9.2
2015-12-03,21.3,12.2
2015-12-04,30.8,11.3
2015-12-05,25.3,15.5
2015-12-06,29.8,15.3
2015-12-07,27.3,18.1
2015-12-08,35.4,20.3
2015-12-09,24.6,15.4
2015-12-10,26,13.1
2015-12-11,19.2,14.2
2015-12-12,18.3,10.1
2015-12-13,28.3,10.3
2015-12-14,22.7,11.9
2015-12-15,24.6,14.4
2015-12-16,27.5,15.6
2015-12-17,37.2,16.9
2015-12-18,35.4,19.4
2015-12-19,41.2,19.2
2015-12-20,37.8,25.9
2015-12-21,20.2,15
2015-12-22,22.8,12
2015-12-23,26,15.1
2015-12-24,34.6,16.7
2015-12-25,34.1,21.7
2015-12-26,20,12.7
2015-12-27,19.4,11.9
2015-12-28,20.8,12.8
2015-12-29,23.9,12.4
2015-12-30,34.7,13.9
2015-12-31,39.7,19.7
2016-01-01,24.2,19.8
2016-01-02,27.6,17.1
2016-01-03,27.1,17.5
2016-01-04,26,16.3
2016-01-05,25.7,17.1
2016-01-06,25.7,17.3
2016-01-07,21.3,16.3
2016-01-08,20.6,16.2
2016-01-09,21.4,16.8
2016-01-10,31.5,15.7
2016-01-11,36.4,17.2
2016-01-12,24.8,17.1
2016-01-13,42.2,16.8
2016-01-14,18.1,16.1
2016-01-15,19.2,13.6
2016-01-16,22.3,11.9
2016-01-17,32.7,14.9
2016-01-18,35.3,18.6
2016-01-19,30.9,17.9
2016-01-20,29.1,19.3
2016-01-21,26.7,19
2016-01-22,22.8,17.5
2016-01-23,21.9,17.3
2016-01-24,22.2,16.2
2016-01-25,20.9,16.7
2016-01-26,29.4,16.5
2016-01-27,29.5,19.3
2016-01-28,27.5,20.3
2016-01-29,18.3,14.4
2016-01-30,22.4,12.3
2016-01-31,21.8,13.9
2016-02-01,23.6,12.5
2016-02-02,31.5,15.4
2016-02-03,21,18.1
2016-02-04,20.9,17.3
2016-02-05,29.4,15.3
2016-02-06,32.6,16.5
2016-02-07,27.7,19.1
2016-02-08,22.9,19.2
2016-02-09,22.7,17.4
2016-02-10,23.3,17.4
2016-02-11,23.8,18
2016-02-12,24.9,16.7
2016-02-13,30.3,17.7
2016-02-14,24.5,16.4
2016-02-15,26.1,14
2016-02-16,18.4,13.7
2016-02-17,21.1,12.7
2016-02-18,22.6,15.5
2016-02-19,22,15.8
2016-02-20,20.8,15.8
2016-02-21,24.7,12.6
2016-02-22,29.5,15.6
2016-02-23,39.4,18.1
2016-02-24,25.6,22.4
2016-02-25,26.4,19.6
2016-02-26,23.5,15.5
2016-02-27,22.2,17.7
2016-02-28,22.7,17.7
2016-02-29,23.7,15
2016-03-01,33.7,17.3
2016-03-02,34.7,17.6
2016-03-03,23.9,17.4
2016-03-04,33,16.5
2016-03-05,23.7,20.4
2016-03-06,25.2,17.4
2016-03-07,24.9,18.6
2016-03-08,38.9,19.9
2016-03-09,28.5,20.8
2016-03-10,22.1,18.1
2016-03-11,26.1,18.8
2016-03-12,22.3,18.7
2016-03-13,23.2,17.7
2016-03-14,21.3,18.4
2016-03-15,26.8,15.1
2016-03-16,31.4,15.3
2016-03-17,32.5,18.3
2016-03-18,19.5,15.2
2016-03-19,18.8,12
2016-03-20,23.3,10.1
2016-03-21,23.5,11.2
2016-03-22,24.3,11.4
2016-03-23,28.8,13.7
2016-03-24,21.2,16.3
2016-03-25,20.4,15.9
2016-03-26,20.2,14.1
2016-03-27,19.9,14.3
2016-03-28,19.2,9.4
2016-03-29,17.9,14.5
2016-03-30,18.7,15.5
2016-03-31,22.7,11.3
2016-04-01,26.5,13.1
2016-04-02,19.5,15.5
2016-04-03,18.8,11.3
2016-04-04,21.2,9.7
2016-04-05,29,12.3
2016-04-06,15.6,13.6
2016-04-07,18.4,8.3
2016-04-08,20,11.9
2016-04-09,22.3,10.4
2016-04-10,23.5,13.6
2016-04-11,20.1,14.5
2016-04-12,18.7,14
2016-04-13,20,11.3
2016-04-14,27,11.6
2016-04-15,27,13.4
2016-04-16,20.3,14
2016-04-17,19.8,13.1
2016-04-18,25,9.8
2016-04-19,27.4,13.6
2016-04-20,28,15.3
2016-04-21,24.2,17.1
2016-04-22,16.7,14.6
2016-04-23,18.6,12.3
2016-04-24,20,9.1
2016-04-25,25,9.9
2016-04-26,25.6,11.3
2016-04-27,25.4,13
2016-04-28,24.9,19.8
2016-04-29,20.6,16.9
2016-04-30,24.1,16.4
2016-05-01,17,14.4
2016-05-02,18.4,9
2016-05-03,20.1,12.3
2016-05-04,18.2,9.8
2016-05-05,20.5,12.6
2016-05-06,24.7,15.9
2016-05-07,25.7,11.4
2016-05-08,20.4,15.5
2016-05-09,22.2,15.4
2016-05-10,17.2,13.7
2016-05-11,17.4,12.2
2016-05-12,21.4,14.1
2016-05-13,21.6,15.9
2016-05-14,21.7,14.5
2016-05-15,22,15
2016-05-16,19.6,7.7
2016-05-17,17.1,11.4
2016-05-18,19.3,13
2016-05-19,18.4,14.6
2016-05-20,17.4,11.6
2016-05-21,18.5,8.1
2016-05-22,22.2,9.2
2016-05-23,17.2,12.8
2016-05-24,15.8,10.7
2016-05-25,15.6,7.6
2016-05-26,12.5,10.3
2016-05-27,14.4,9.2
2016-05-28,13.2,5.7
2016-05-29,13.9,8.7
2016-05-30,15.4,7.2
2016-05-31,17.4,3.6
2016-06-01,17,4.8
2016-06-02,12.8,4.8
2016-06-03,14.1,6.8
2016-06-04,13.4,9.8
2016-06-05,14.1,10.5
2016-06-06,14.5,8.9
2016-06-07,15.3,10.5
2016-06-08,14.7,9.7
2016-06-09,17.5,10.8
2016-06-10,15.8,10.4
2016-06-11,13.5,9
2016-06-12,13.8,5
2016-06-13,13.4,3.8
2016-06-14,15.6,8.6
2016-06-15,17.9,6
2016-06-16,14.3,7.8
2016-06-17,15.1,9.3
2016-06-18,12.7,10
2016-06-19,13.5,7.3
2016-06-20,13.2,9.1
2016-06-21,14.7,10.4
2016-06-22,15.4,11.2
2016-06-23,14.8,10.4
2016-06-24,10.7,6.9
2016-06-25,12.7,5.6
2016-06-26,11.1,3
2016-06-27,10.6,4.8
2016-06-28,17,5
2016-06-29,15.8,8.9
2016-06-30,11.7,10.3
2016-07-01,14.1,7.3
2016-07-02,16.5,9.9
2016-07-03,16.7,10.9
2016-07-04,12.7,10.4
2016-07-05,12.8,8.2
2016-07-06,13,9.8
2016-07-07,13.7,10.5
2016-07-08,15.3,9.7
2016-07-09,15.2,5.3
2016-07-10,14.2,6.5
2016-07-11,16,8.3
2016-07-12,13.7,10.7
2016-07-13,12,4.5
2016-07-14,14,6.6
2016-07-15,14.1,8.8
2016-07-16,13.7,7.8
2016-07-17,16.1,3.1
2016-07-18,17.7,9.6
2016-07-19,16,12.6
2016-07-20,16.1,9.8
2016-07-21,18.1,6.9
2016-07-22,18.3,9.2
2016-07-23,11.6,7.5
2016-07-24,11.4,4.7
2016-07-25,14.3,6.3
2016-07-26,11,6.5
2016-07-27,12.9,7.5
2016-07-28,15.2,6.9
2016-07-29,15.3,10.2
