"date","rainfall_mm","maxTemp","minTemp"
2009-01-01,0,20.4,14.7
2009-01-02,0.2,18.6,10
2009-01-03,0.6,20.4,9.2
2009-01-04,0,27.6,11.6
2009-01-05,0,26.1,13.6
2009-01-06,0,30.2,15.8
2009-01-07,0,20.9,17.6
2009-01-08,0,19.8,12.6
2009-01-09,0,21.8,12.6
2009-01-10,0,23.4,13.3
2009-01-11,0,23.4,14.3
2009-01-12,0,25,13.7
2009-01-13,0,37.8,13.9
2009-01-14,0,32.6,20.4
2009-01-15,0,24.6,15.7
2009-01-16,0,21.5,15.1
2009-01-17,0,20.1,14.5
2009-01-18,0,25.1,12.1
2009-01-19,0,35.8,13.7
2009-01-20,0,40.5,19.8
2009-01-21,0,28.8,17.2
2009-01-22,0,35.6,18.2
2009-01-23,0,31.8,14.6
2009-01-24,0,23.4,16.3
2009-01-25,0,27.1,13
2009-01-26,0,25.5,14.4
2009-01-27,0,36.4,16.6
2009-01-28,0,43.4,18.8
2009-01-29,0,44.3,25.7
2009-01-30,0,45.1,25.7
2009-01-31,0,30.5,22.5
2009-02-01,0,33.8,20.3
2009-02-02,0,28.5,20.8
2009-02-03,0,30.2,20.5
2009-02-04,0,30.2,16.8
2009-02-05,0,29.2,19.8
2009-02-06,0,33.1,17.9
2009-02-07,0,46.4,18.7
2009-02-08,0.8,22.5,18.6
2009-02-09,0.6,21.4,16.1
2009-02-10,0,21.2,14.1
2009-02-11,0,20.2,14.3
2009-02-12,0,23.7,14.4
2009-02-13,0,28,12.8
2009-02-14,0,28.4,14
2009-02-15,0,29.6,14.8
2009-02-16,0,30.1,16
2009-02-17,0,31.7,15.8
2009-02-18,0,27.8,17
2009-02-19,0,30.5,16.8
2009-02-20,0,24.6,18
2009-02-21,0.2,23.8,17.4
2009-02-22,0,25.5,16.9
2009-02-23,0,35,16.2
2009-02-24,0,21.3,14.3
2009-02-25,1.2,21.6,14.1
2009-02-26,0.2,31.2,14.2
2009-02-27,0,34,14.3
2009-02-28,0,23.2,16.1
2009-03-01,1.6,19.8,14.5
2009-03-02,0,25.6,15.3
2009-03-03,0.8,32.5,16.8
2009-03-04,2.4,19,14
2009-03-05,2,17.6,12.5
2009-03-06,6.6,20.1,12.6
2009-03-07,0.4,20.4,13
2009-03-08,0,21.2,14.7
2009-03-09,0,25.2,9.7
2009-03-10,0,26.2,13.5
2009-03-11,0,29.8,15.8
2009-03-12,5.4,25.2,18.2
2009-03-13,3,29,17.7
2009-03-14,0.4,23.3,18.6
2009-03-15,20.4,18.9,12
2009-03-16,0.4,21.9,12.7
2009-03-17,0.2,20.1,13.9
2009-03-18,0,28.5,14.3
2009-03-19,0,33.1,14.8
2009-03-20,0,23.8,16.8
2009-03-21,0,34.6,15.4
2009-03-22,0,25.6,20.4
2009-03-23,1.6,19.9,14.7
2009-03-24,0,21.1,13.8
2009-03-25,2.4,23.9,15.7
2009-03-26,0,24,15.4
2009-03-27,0,20.5,12.7
2009-03-28,0,26.7,9.7
2009-03-29,0,24.7,11.3
2009-03-30,0,22.5,14
2009-03-31,0,30.1,14.5
2009-04-01,0,29.8,15.4
2009-04-02,0,32.8,16.9
2009-04-03,0,24.7,21.2
2009-04-04,18,19.6,11.3
2009-04-05,0,20.1,12.5
2009-04-06,0.2,17.2,9.2
2009-04-07,2.2,18.4,11.4
2009-04-08,1.6,19.9,12.3
2009-04-09,0,24.4,13.7
2009-04-10,0,19.5,13.9
2009-04-11,0,22.5,14.4
2009-04-12,0,21.9,12.3
2009-04-13,0,26.2,9.8
2009-04-14,0,28.8,12.1
2009-04-15,1.2,17.7,12.9
2009-04-16,0,20.5,7.3
2009-04-17,0,21.9,13.2
2009-04-18,0,19.2,13.8
2009-04-19,0,19.1,14
2009-04-20,0,22,8.7
2009-04-21,0,24.6,9.4
2009-04-22,0,25.1,9.8
2009-04-23,0,22.8,11.3
2009-04-24,0,18.2,15.1
2009-04-25,3.4,19,12.3
2009-04-26,2.6,13.6,9.1
2009-04-27,1.8,14.4,8.4
2009-04-28,6.6,14.4,7.7
2009-04-29,1.6,13.8,6
2009-04-30,0,18,2.9
2009-05-01,0,14.9,5.8
2009-05-02,0,18.6,7.5
2009-05-03,0,19.2,5.9
2009-05-04,0,16.8,8.9
2009-05-05,0,17.2,7
2009-05-06,0,17,8.4
2009-05-07,0,17.5,11
2009-05-08,0.2,16.9,12.6
2009-05-09,3.2,16.5,13
2009-05-10,0,18.2,11.2
2009-05-11,0.2,17.8,8.2
2009-05-12,0,17.5,9.5
2009-05-13,0.2,17,9.8
2009-05-14,0,17,12.3
2009-05-15,0,19.7,14
2009-05-16,0.4,16.4,11.5
2009-05-17,0,17.4,11.6
2009-05-18,0,18,8.4
2009-05-19,0,21.1,8.2
2009-05-20,0,21.3,9.1
2009-05-21,0,15.7,9.2
2009-05-22,0,20.3,5.9
2009-05-23,0,22.8,7.3
2009-05-24,0,20.8,11.5
2009-05-25,0,21.7,18
2009-05-26,4,18.4,12.8
2009-05-27,0,15.8,7.6
2009-05-28,0.6,16.4,9.5
2009-05-29,1.8,16.3,6.3
2009-05-30,0,16.1,9
2009-05-31,0,15,6.5
2009-06-01,0,14.8,6.8
2009-06-02,0.2,15.1,10.3
2009-06-03,1.8,18.2,11.7
2009-06-04,1.8,17.5,12.3
2009-06-05,0,17.8,6.9
2009-06-06,0,14.3,5.5
2009-06-07,0.6,14.6,6.9
2009-06-08,1.6,14.3,10.1
2009-06-09,3.2,12.6,7.1
2009-06-10,7,12.7,5.7
2009-06-11,6.6,12.4,6
2009-06-12,0,10.8,5.3
2009-06-13,0,13,6.9
2009-06-14,0.2,16.2,8.3
2009-06-15,0,15.7,5.6
2009-06-16,0,14.5,7.2
2009-06-17,0,13.5,6
2009-06-18,0,17.6,4.6
2009-06-19,0,18.2,5.1
2009-06-20,0,15.3,6.9
2009-06-21,0,16.1,10.8
2009-06-22,1.2,17.6,9.9
2009-06-23,0,16.6,8.6
2009-06-24,1.6,17.6,11
2009-06-25,0,15,5.5
2009-06-26,0,16.4,7.1
2009-06-27,0,14.9,7.9
2009-06-28,0,16.1,5
2009-06-29,0,17.8,5.6
2009-06-30,0,19.4,13
2009-07-01,2.6,15.6,10.9
2009-07-02,0.2,13.5,9.5
2009-07-03,7.2,13.3,8.1
2009-07-04,1.2,15.1,8.9
2009-07-05,1,13.2,8.8
2009-07-06,0,13.7,7.1
2009-07-07,0.4,14.2,7.6
2009-07-08,0,15,3.4
2009-07-09,0,16.9,4.2
2009-07-10,0,15.1,5.8
2009-07-11,2.2,14.3,9.3
2009-07-12,0.6,15.7,10.8
2009-07-13,0,15.6,9
2009-07-14,1,13.9,8.1
2009-07-15,0,13.6,9
2009-07-16,0,14.7,6.5
2009-07-17,0,15,5
2009-07-18,0,13.6,6.6
2009-07-19,0,15.5,8.2
2009-07-20,0,19,10.8
2009-07-21,0,19.6,12.8
2009-07-22,0,16.8,12.3
2009-07-23,15.6,14.5,7.1
2009-07-24,0,13.3,3.9
2009-07-25,0,13.6,5.7
2009-07-26,0,15.7,7.4
2009-07-27,0,16.4,8.6
2009-07-28,0,15.1,8.5
2009-07-29,0,16.4,9.4
2009-07-30,0.4,16.1,10.2
2009-07-31,7.2,16.2,9.3
2009-08-01,0.2,16.6,10.6
2009-08-02,0.4,16.9,11.3
2009-08-03,3.2,15.4,8.8
2009-08-04,0,15,8.5
2009-08-05,5.2,16.6,8.3
2009-08-06,0,19.1,10.1
2009-08-07,1,14.6,11
2009-08-08,0,16.5,3.8
2009-08-09,0,14.6,6.6
2009-08-10,0,13.8,9
2009-08-11,0.6,16.2,9.5
2009-08-12,5.8,14.5,6
2009-08-13,0.4,18.5,9.3
2009-08-14,1,19.1,8.9
2009-08-15,0,19.3,10.5
2009-08-16,0,17.2,12.7
2009-08-17,5.4,17,9.7
2009-08-18,0,16.7,8.4
2009-08-19,0,18.6,9.8
2009-08-20,2.8,18.2,11.1
2009-08-21,1,18.8,11.1
2009-08-22,0.2,16.3,6.6
2009-08-23,0,19,9.2
2009-08-24,0.2,17.5,11.1
2009-08-25,5.6,14.8,7.1
2009-08-26,4,15.7,7.7
2009-08-27,0,18.8,8.5
2009-08-28,0,19.7,10.7
2009-08-29,0,15.5,12.3
2009-08-30,4.2,16,6.7
2009-08-31,0,16.6,9.1
2009-09-01,1.6,16,7.5
2009-09-02,0,19.7,8.6
2009-09-03,0,21.9,11.9
2009-09-04,1.4,17.3,9.8
2009-09-05,2.6,17.2,6.5
2009-09-06,0,16.7,8.1
2009-09-07,0.8,15.9,9.6
2009-09-08,4.8,15.3,10.2
2009-09-09,0.8,14.4,9.7
2009-09-10,0,14.8,10.5
2009-09-11,0,22.5,7.7
2009-09-12,0,29.9,13
2009-09-13,0,19.8,15.8
2009-09-14,0,17,6.7
2009-09-15,0,20.4,5.5
2009-09-16,0,22.9,8
2009-09-17,0,18.9,15.7
2009-09-18,12.6,18.5,10.6
2009-09-19,0,20.9,12.1
2009-09-20,2.6,18.7,10.4
2009-09-21,0,19.7,8.7
2009-09-22,16.6,18.9,10.6
2009-09-23,0,18.4,11.6
2009-09-24,0.4,20.8,11.6
2009-09-25,8,16.2,12.4
2009-09-26,11.8,14.2,7.8
2009-09-27,2,12.6,7.7
2009-09-28,3.6,14.7,8.5
2009-09-29,1.6,19.4,9.1
2009-09-30,0,23.6,12.1
2009-10-01,0,16.6,13.5
2009-10-02,0,14.7,11
2009-10-03,0,18,11
2009-10-04,0,18.7,9.6
2009-10-05,0,17.2,11.1
2009-10-06,3,15.7,9.2
2009-10-07,0.8,16.2,7.8
2009-10-08,0.4,16,8.9
2009-10-09,0,18.2,7.5
2009-10-10,0,20,5.9
2009-10-11,0,22.2,7
2009-10-12,0.8,22.6,11.8
2009-10-13,0.8,19.2,9.7
2009-10-14,3.2,16.4,9.6
2009-10-15,1.8,16.3,10.8
2009-10-16,5.4,18,7.6
2009-10-17,1.2,17.1,10.3
2009-10-18,0,16.5,8.1
2009-10-19,0,21.5,10.6
2009-10-20,0,28.5,13.6
2009-10-21,0,18.7,13.7
2009-10-22,0,18.8,10.1
2009-10-23,0,18.8,12.7
2009-10-24,0,19.6,8.2
2009-10-25,0,18.2,12
2009-10-26,0,21.2,9.5
2009-10-27,0,21.7,9.4
2009-10-28,0,21.1,12
2009-10-29,0,30.6,11.1
2009-10-30,0.6,26.5,16.7
2009-10-31,4,33.1,19.3
2009-11-01,4.6,20.1,15
2009-11-02,0,29.4,13.9
2009-11-03,0.8,21.9,14.8
2009-11-04,0,18.1,11.4
2009-11-05,0,19.3,12
2009-11-06,0,25.4,9.4
2009-11-07,0,32.2,13
2009-11-08,0,34.2,19.4
2009-11-09,0,35.5,19.7
2009-11-10,0,36.3,20.2
2009-11-11,0,34.4,20.8
2009-11-12,0,29.8,18.8
2009-11-13,0,27.2,15.6
2009-11-14,0,30.3,16.5
2009-11-15,0,25.9,15.4
2009-11-16,0,22.7,17.1
2009-11-17,0,22.6,14.9
2009-11-18,0,33.4,15.6
2009-11-19,0,34.6,18.7
2009-11-20,0,38.3,22.9
2009-11-21,1.2,25.9,18.6
2009-11-22,45.8,18.4,15.2
2009-11-23,16,22,11.3
2009-11-24,0,26.6,12
2009-11-25,0,25.4,15.6
2009-11-26,3.6,30,17.3
2009-11-27,5.6,28.8,18.8
2009-11-28,4.8,22.7,16.3
2009-11-29,10.6,21.8,12.7
2009-11-30,10.6,20.8,14
2009-12-01,0,22.7,12.1
2009-12-02,0,29.9,11.5
2009-12-03,0,32.3,16.3
2009-12-04,0,22.4,12.1
2009-12-05,0,22,13.2
2009-12-06,0,26.3,13.2
2009-12-07,0,23.1,15.3
2009-12-08,8.2,17.8,14.5
2009-12-09,13.2,25.9,9.6
2009-12-10,0,24.4,15.3
2009-12-11,11.6,20.5,10.7
2009-12-12,0,22.6,14.5
2009-12-13,0,21.5,14.9
2009-12-14,0,21.1,14.5
2009-12-15,0,31.3,13.6
2009-12-16,0,39.2,17.4
2009-12-17,0,23.1,19.7
2009-12-18,11.2,23.8,11.1
2009-12-19,0.2,21.4,14
2009-12-20,0,22.1,14.7
2009-12-21,0,28.2,12.5
2009-12-22,0,27.5,15.9
2009-12-23,0,39,16.2
2009-12-24,0,25.7,20.9
2009-12-25,15.8,21.2,14.4
2009-12-26,0,22.1,12.9
2009-12-27,0,23.1,14.7
2009-12-28,0,24.8,17.5
2009-12-29,0,24.3,16.5
2009-12-30,0,38.3,16.1
2009-12-31,0,36.7,20.5
2010-01-01,10.6,20.8,19.2
2010-01-02,5,22.5,15.5
2010-01-03,0,21.4,14.5
2010-01-04,0,27.6,13.4
2010-01-05,0,25,16
2010-01-06,0,23.6,16.1
2010-01-07,0,24.7,14.8
2010-01-08,0,36.6,14.8
2010-01-09,0,38.7,20.6
2010-01-10,0,29.6,17.1
2010-01-11,0,43.6,19
2010-01-12,0,35.6,24.2
2010-01-13,0.2,23,17.4
2010-01-14,0,23.4,15.3
2010-01-15,0,26.8,16.3
2010-01-16,0,33.1,16.9
2010-01-17,0,21,13.8
2010-01-18,2.6,20.6,10.4
2010-01-19,7.2,22.9,11.3
2010-01-20,0,28.2,14.5
2010-01-21,0,28.5,16
2010-01-22,0,37.5,19.5
2010-01-23,0,22.3,17.4
2010-01-24,0,22.3,12.7
2010-01-25,0,23.8,13.6
2010-01-26,0,24.5,13.8
2010-01-27,0,22.2,16.2
2010-01-28,0,26.1,15.8
2010-01-29,0,23.5,17.5
2010-01-30,0,36.2,13.4
2010-01-31,0,37.2,17.1
2010-02-01,1.4,24.9,16.9
2010-02-02,0,35.2,16.7
2010-02-03,0,34.8,21.6
2010-02-04,0,30.8,25.5
2010-02-05,15,20.9,17.6
2010-02-06,2,26.5,15.5
2010-02-07,0,33.2,14.9
2010-02-08,0,35.3,19
2010-02-09,0,32.1,19.3
2010-02-10,0,32.7,20.1
2010-02-11,0,31.4,22.2
2010-02-12,35.2,22.8,19.5
2010-02-13,0,21.3,18.2
2010-02-14,9.2,28.3,17.7
2010-02-15,0,27.3,19
2010-02-16,0,27.3,16
2010-02-17,0,25.9,15.9
2010-02-18,0,24.1,17.5
2010-02-19,0,32.8,17.1
2010-02-20,0,34.3,23
2010-02-21,0,28.6,21.6
2010-02-22,0,29.6,19.1
2010-02-23,0,23.6,13.3
2010-02-24,0,23.3,12.7
2010-02-25,0,25.1,14.2
2010-02-26,0,33.4,16.2
2010-02-27,0,22.6,22.4
2010-02-28,0,20.7,16.3
2010-03-01,0.4,21.4,14.1
2010-03-02,0,22.4,14.1
2010-03-03,0,27.7,15.8
2010-03-04,0,31.3,16.5
2010-03-05,1,26.7,20.5
2010-03-06,1.2,26.8,19.8
2010-03-07,39.2,27.3,17.9
2010-03-08,27.2,22.5,16.4
2010-03-09,7,21.2,16.2
2010-03-10,0,20.4,13.7
2010-03-11,0.2,22.2,13.7
2010-03-12,0,26.4,11.1
2010-03-13,0,28.3,13.7
2010-03-14,0,28.8,13.8
2010-03-15,0,30.4,15.3
2010-03-16,0,32.2,18.5
2010-03-17,0,33,21.5
2010-03-18,0,31.9,20.9
2010-03-19,0,28.4,23
2010-03-20,0.2,26.7,18.8
2010-03-21,0,24.7,17.5
2010-03-22,0,22.5,13.1
2010-03-23,0,23.7,13.3
2010-03-24,0,23.4,15.8
2010-03-25,0,31.5,12.8
2010-03-26,0,30.7,14.8
2010-03-27,0,22.7,17.2
2010-03-28,0,27.2,17.8
2010-03-29,8,23.3,17.9
2010-03-30,0.4,22.6,15.1
2010-03-31,0,23.9,13.4
2010-04-01,0,24,13.8
2010-04-02,0,21.9,16.1
2010-04-03,0,24.4,13.9
2010-04-04,0,25.8,12.7
2010-04-05,0,26.9,14.9
2010-04-06,0,25.3,18.4
2010-04-07,6.8,25.7,17.2
2010-04-08,0.2,22.9,17.7
2010-04-09,0,21.7,13.5
2010-04-10,0.2,22.6,15
2010-04-11,3.6,17.7,11.8
2010-04-12,0.4,17.8,11.2
2010-04-13,0.6,17.8,13.1
2010-04-14,0,18.4,13.2
2010-04-15,0,19.1,14
2010-04-16,0,25.9,13.2
2010-04-17,0,27.3,13.6
2010-04-18,0,27.7,16
2010-04-19,0,27.6,16.1
2010-04-20,0,29.4,17.5
2010-04-21,1,24.5,17.3
2010-04-22,0,30.1,16.4
2010-04-23,0,26.4,20.8
2010-04-24,5,24.5,19
2010-04-25,0.4,20.1,12.2
2010-04-26,0,20.4,8.7
2010-04-27,0,17.8,11.7
2010-04-28,0.8,18.1,8.8
2010-04-29,2.2,18.4,12.8
2010-04-30,0.2,16.6,13
2010-05-01,0,20.9,8.2
2010-05-02,0,17.7,13.5
2010-05-03,0,23,9.2
2010-05-04,0,23.5,11.6
2010-05-05,4.2,17.3,9.1
2010-05-06,2.2,18,11.4
2010-05-07,0,19.8,10.4
2010-05-08,4.8,19.9,12.9
2010-05-09,0,22.5,13
2010-05-10,0,20.6,14.5
2010-05-11,3.8,15.8,7.6
2010-05-12,0,16.1,8.5
2010-05-13,0.2,15.1,9.5
2010-05-14,1,15,11.5
2010-05-15,0,17.7,12.6
2010-05-16,0,18.5,6.2
2010-05-17,0,17.2,7.3
2010-05-18,0,18.6,6.9
2010-05-19,0,18.8,6.1
2010-05-20,0,18.1,7.6
2010-05-21,0,16.1,9.9
2010-05-22,0,16.1,4.3
2010-05-23,0,18.6,4
2010-05-24,0,15.6,6.2
2010-05-25,4.2,15,11.9
2010-05-26,1.8,19.6,11.3
2010-05-27,0,18.7,10.8
2010-05-28,0.4,17,10.9
2010-05-29,1.8,17.2,12.6
2010-05-30,0.6,18.1,12.1
2010-05-31,0,18.7,11.5
2010-06-01,0,17.6,7.9
2010-06-02,0,17.9,10.3
2010-06-03,0,15.7,7.1
2010-06-04,0,12.4,6.2
2010-06-05,0,13.9,8.2
2010-06-06,16.8,15.7,8.9
2010-06-07,4.8,13.6,8.3
2010-06-08,0,14.3,9.1
2010-06-09,2.6,14.1,8.2
2010-06-10,2.8,16.1,7.7
2010-06-11,0.6,14,9.1
2010-06-12,2.8,13.2,8
2010-06-13,0.2,13.1,8.6
2010-06-14,0,15.3,7.9
2010-06-15,0,15,5.8
2010-06-16,0,16.1,4
2010-06-17,0,14.3,7.8
2010-06-18,4.6,14.8,7.3
2010-06-19,3.8,16.8,8
2010-06-20,0.6,14.7,12
2010-06-21,1.8,15.1,5.8
2010-06-22,0,14.3,3.6
2010-06-23,0,17.2,5.1
2010-06-24,0,18.3,8.6
2010-06-25,0.4,14.7,12.8
2010-06-26,11.8,13.3,6.7
2010-06-27,8,12.9,6.1
2010-06-28,0,11.4,3.9
2010-06-29,0,10.8,5.7
2010-06-30,1.8,12.8,6.8
2010-07-01,0,12.3,7.6
2010-07-02,0,12.4,8.2
2010-07-03,3.8,14,8.3
2010-07-04,0,12.8,8.4
2010-07-05,0,14.3,5.9
2010-07-06,0,14.6,4.3
2010-07-07,0,15,4.1
2010-07-08,0,14.1,7.4
2010-07-09,0,16.5,3.6
2010-07-10,0,15.9,4.5
2010-07-11,0,16.1,10.8
2010-07-12,0,16.7,9.3
2010-07-13,0,16.8,9.7
2010-07-14,1.2,12.7,9.9
2010-07-15,5.2,13.7,6.9
2010-07-16,0,14.5,8.6
2010-07-17,0,13.6,5.8
2010-07-18,0,13.6,7.1
2010-07-19,8.6,14,7.4
2010-07-20,0,13.5,3.2
2010-07-21,5.6,14.4,5.7
2010-07-22,0,12.9,6.9
2010-07-23,2,12.6,9.5
2010-07-24,0,13.4,8.9
2010-07-25,0,15.8,6
2010-07-26,0,16.2,5.5
2010-07-27,0,15.1,3.9
2010-07-28,0,14.9,5.9
2010-07-29,4.4,14.9,7.5
2010-07-30,0,17.7,12
2010-07-31,0,17.9,12
2010-08-01,3.4,13.9,8.1
2010-08-02,6,16.5,8.1
2010-08-03,4.4,13.3,9.6
2010-08-04,0,13.8,9.5
2010-08-05,4.8,14.1,6.5
2010-08-06,2.2,14.5,7.3
2010-08-07,0,15.2,4.9
2010-08-08,0,14.6,5.7
2010-08-09,0,16.9,6.7
2010-08-10,1.4,11.4,6.4
2010-08-11,7.2,11.4,7.3
2010-08-12,16.2,15,8.2
2010-08-13,1.8,13.6,9.6
2010-08-14,0,15.9,10.2
2010-08-15,0,15.7,10.8
2010-08-16,6,12.8,8.5
2010-08-17,1.4,14.8,4.8
2010-08-18,0,13.5,8
2010-08-19,0,16.6,10.2
2010-08-20,0.8,13.4,6.4
2010-08-21,1.2,16.4,7.4
2010-08-22,0.2,16.2,7.1
2010-08-23,0,17.1,6.1
2010-08-24,1.4,14.6,9.1
2010-08-25,8.2,11.8,4.2
2010-08-26,0.2,14.9,7
2010-08-27,1.2,13.8,7.2
2010-08-28,0.2,16.1,7.9
2010-08-29,0,15,8.9
2010-08-30,0,18.6,5.8
2010-08-31,0,14.1,8.9
2010-09-01,5.8,13.3,11.1
2010-09-02,6.2,15.4,9.3
2010-09-03,0,16.6,7.3
2010-09-04,9.6,19,8.8
2010-09-05,3.8,17.1,10.9
2010-09-06,1.8,15.4,8.4
2010-09-07,11.2,15.8,7.4
2010-09-08,0,17.2,5.2
2010-09-09,0,18.3,9.1
2010-09-10,2.6,14.4,9.4
2010-09-11,0.6,18.5,8.5
2010-09-12,0,16.5,10.5
2010-09-13,0,15.5,10.9
2010-09-14,0,15.6,6.4
2010-09-15,0,16.5,9.4
2010-09-16,1.2,14.9,8.4
2010-09-17,0.6,14.9,8.7
2010-09-18,0,17,10.1
2010-09-19,3,16.7,9.3
2010-09-20,0,16.8,10.1
2010-09-21,0.4,15.4,10.9
2010-09-22,0,16.6,9.8
2010-09-23,0,16.2,10.9
2010-09-24,0,17,9.8
2010-09-25,0,19.9,10.9
2010-09-26,0.4,22.1,9.9
2010-09-27,0.2,17.3,12.8
2010-09-28,4.4,15.2,8
2010-09-29,1.2,15.3,5.8
2010-09-30,0,15.6,5.8
2010-10-01,0,18.4,7.5
2010-10-02,0,21,6.2
2010-10-03,0,25,11.1
2010-10-04,0,23.5,15.5
2010-10-05,1.8,20.6,13.2
2010-10-06,0,23.9,11.2
2010-10-07,17.4,17.5,7.7
2010-10-08,0,17.4,10.2
2010-10-09,0,19.1,9.3
2010-10-10,0,25.2,10.4
2010-10-11,0,25.2,11.7
2010-10-12,0,23.4,18.3
2010-10-13,9.4,14.8,14.3
2010-10-14,4,21.2,11.2
2010-10-15,12,12.7,12.1
2010-10-16,22.6,14.6,4.7
2010-10-17,1.6,17.7,6.9
2010-10-18,0,18.9,10
2010-10-19,1.4,17.4,9.6
2010-10-20,0,19.6,7.1
2010-10-21,0,25.7,8.4
2010-10-22,0,28.9,12.2
2010-10-23,6.8,17.3,12.8
2010-10-24,1.8,17.4,11.1
2010-10-25,0,20.5,7.9
2010-10-26,0,22.5,10.7
2010-10-27,2.4,19,12.7
2010-10-28,0,23.9,10.2
2010-10-29,0,28.4,13.9
2010-10-30,2.2,22.3,18.8
2010-10-31,61.4,17.2,11.7
2010-11-01,3.8,16.7,9.2
2010-11-02,0.6,19,10.5
2010-11-03,4,16.6,10.3
2010-11-04,5.2,18.2,9.1
2010-11-05,0,22.7,8.8
2010-11-06,0,24.6,10.3
2010-11-07,0.2,24.4,14.8
2010-11-08,0,23.8,14
2010-11-09,0,29.1,13.5
2010-11-10,0,25.6,18.2
2010-11-11,0,30.7,14
2010-11-12,0,31,16.3
2010-11-13,20,15.8,15
2010-11-14,15.6,19.8,13.1
2010-11-15,1.2,19.4,11.7
2010-11-16,0.2,18.6,10.1
2010-11-17,0,23.4,8.9
2010-11-18,0,17.6,13.7
2010-11-19,2.6,20.3,9.6
2010-11-20,0,22.8,9.9
2010-11-21,0.2,22,11.9
2010-11-22,0.2,33.3,13.7
2010-11-23,0,32.3,20.6
2010-11-24,0,31.5,21.7
2010-11-25,23,23.5,19.6
2010-11-26,1.8,25.1,16
2010-11-27,14.2,23.8,17.3
2010-11-28,21.4,16.6,13
2010-11-29,0.6,22.2,13.6
2010-11-30,0.4,25.4,13.2
2010-12-01,0,26.6,16.5
2010-12-02,5,27.2,17.2
2010-12-03,7.8,30,17.2
2010-12-04,0.2,30.8,19.4
2010-12-05,0,29.7,18.3
2010-12-06,0,30.9,18.2
2010-12-07,2.4,28.2,21.5
2010-12-08,2.8,25.5,22.6
2010-12-09,30.4,25,16.4
2010-12-10,2.4,21.1,14
2010-12-11,NA,23.1,13.5
2010-12-12,NA,19.4,13.2
2010-12-13,6.6,23.1,11.8
2010-12-14,0,28,14.4
2010-12-15,0,25.9,18.1
2010-12-16,0.8,22,12.7
2010-12-17,0,23.8,12.1
2010-12-18,NA,19,12.2
2010-12-19,NA,19.1,11.3
2010-12-20,25.4,19.3,9.9
2010-12-21,0,18.3,11.1
2010-12-22,1.4,25.7,10.6
2010-12-23,0,20.6,14.1
2010-12-24,0,23.5,11.5
2010-12-25,NA,26.2,14
2010-12-26,NA,20.4,15.8
2010-12-27,NA,18,10.5
2010-12-28,NA,22.8,9
2010-12-29,NA,30.3,13.7
2010-12-30,0.4,23.7,14.2
2010-12-31,0,41.1,14.9
2011-01-01,0,23.1,17.1
2011-01-02,0,21.6,15.3
2011-01-03,0,20.9,14.5
2011-01-04,0,22,12.7
2011-01-05,0,21.9,14.6
2011-01-06,0,30.8,15.9
2011-01-07,0,33.4,17.9
2011-01-08,0,34.5,23
2011-01-09,0.6,22.7,18.1
2011-01-10,0.2,25,18.7
2011-01-11,7,26.3,20.1
2011-01-12,15.4,27.6,20.9
2011-01-13,4.8,27.8,22.5
2011-01-14,28.2,26.9,20.5
2011-01-15,22.4,29.5,18.5
2011-01-16,0,26.2,18.3
2011-01-17,0,21.3,15.6
2011-01-18,0,21.9,15.5
2011-01-19,0,22.5,15.3
2011-01-20,0,28.4,13.3
2011-01-21,0,32.3,16.6
2011-01-22,0,27.5,16.9
2011-01-23,0,29,18.3
2011-01-24,4.6,21.7,15.1
2011-01-25,0,27.7,14.5
2011-01-26,6.2,21.6,16
2011-01-27,0.2,25.7,14.9
2011-01-28,0,23.1,16.4
2011-01-29,0,28,13.4
2011-01-30,0,38.1,16.4
2011-01-31,0,32.5,20.1
2011-02-01,0,40.2,24.5
2011-02-02,0,27.8,17.5
2011-02-03,0,25.6,18.6
2011-02-04,2.4,30.4,18.2
2011-02-05,82.4,20.3,18.1
2011-02-06,2,20.4,12.4
2011-02-07,2.6,21.5,10.8
2011-02-08,3.2,22.1,14.6
2011-02-09,0,27.9,12.9
2011-02-10,0,29.5,14.7
2011-02-11,1.8,25.8,20.9
2011-02-12,4.4,21.1,15.4
2011-02-13,0,22.1,13.4
2011-02-14,0,24.6,14.2
2011-02-15,0,30.3,16.6
2011-02-16,0,29.5,18.8
2011-02-17,4.6,27.9,19.5
2011-02-18,0,29.4,19.3
2011-02-19,15.4,28.7,19.8
2011-02-20,0,22,16.6
2011-02-21,0.6,19.6,11.8
2011-02-22,0.2,21.3,13.9
2011-02-23,0,23.8,15.5
2011-02-24,0,25,13.7
2011-02-25,0,23.8,15.8
2011-02-26,0,29.8,15.6
2011-02-27,9.8,19.1,18
2011-02-28,2,18,16
2011-03-01,0.2,19.5,14.3
2011-03-02,0.4,19.8,11.1
2011-03-03,0,20.1,13.6
2011-03-04,0,18.6,13.6
2011-03-05,0,24.5,10.8
2011-03-06,0,28,11.3
2011-03-07,0,29.2,15.6
2011-03-08,0,27.2,19.4
2011-03-09,0.2,23.8,19.4
2011-03-10,11.2,18.7,15.2
2011-03-11,0.2,27.1,15.4
2011-03-12,0,30.7,17.7
2011-03-13,0,32.5,20.8
2011-03-14,6.2,23.7,15
2011-03-15,0.2,25.6,12.3
2011-03-16,0,22,15.4
2011-03-17,0,18.9,14.4
2011-03-18,0,19.5,14.2
2011-03-19,0,23.5,12.8
2011-03-20,2,30.1,13.6
2011-03-21,0.2,24.9,16.8
2011-03-22,0,24,19.1
2011-03-23,0,23.1,16.4
2011-03-24,0,19.7,15.2
2011-03-25,9.4,19,13.6
2011-03-26,0.2,18,15
2011-03-27,0,20.3,14.6
2011-03-28,0,24.3,13.7
2011-03-29,0,29,12.9
2011-03-30,0,22.6,14.4
2011-03-31,0,19.8,13.8
2011-04-01,0,21.3,8.7
2011-04-02,0,18.9,10.9
2011-04-03,0,17.7,13.4
2011-04-04,2.4,18.5,13
2011-04-05,0.2,23.1,12.4
2011-04-06,0,26.5,11.2
2011-04-07,0,26.4,13.1
2011-04-08,0,26.2,13.3
2011-04-09,0,27.1,16.7
2011-04-10,17.6,17.2,12.1
2011-04-11,1.4,19,8.2
2011-04-12,51,19.2,11
2011-04-13,NA,17.4,12.5
2011-04-14,NA,20.1,12.4
2011-04-15,8.4,21.1,12
2011-04-16,0,21,12.4
2011-04-17,0,20.9,8.6
2011-04-18,0,NA,10.3
2011-04-19,0,23.2,15.9
2011-04-20,0,18.1,14.1
2011-04-21,14.6,22.1,12.6
2011-04-22,3.8,18.5,12.6
2011-04-23,0.2,18.1,9.1
2011-04-24,0,20.1,12.6
2011-04-25,0,19.8,9.1
2011-04-26,0,19.9,9.7
2011-04-27,0,21.9,9.5
2011-04-28,0,22.8,10.5
2011-04-29,0,22.8,11.3
2011-04-30,0,24.7,11.9
2011-05-01,0,21,13.2
2011-05-02,21.2,18.8,13.1
2011-05-03,0,18.6,11.1
2011-05-04,0,17.8,10.8
2011-05-05,0.6,14.8,12.5
2011-05-06,0,15.5,11.4
2011-05-07,0,16,6.1
2011-05-08,0,15.6,7.8
2011-05-09,6.8,15.1,9.5
2011-05-10,0,14.6,3.5
2011-05-11,4.2,12.2,6.9
2011-05-12,6.8,14,5.6
2011-05-13,11,15.9,8.4
2011-05-14,8,14.9,7.7
2011-05-15,1.4,15.1,8.3
2011-05-16,0,15.1,11
2011-05-17,0,16.1,10.6
2011-05-18,0,15.5,6.7
2011-05-19,0,18.3,10.1
2011-05-20,0,19.5,11.9
2011-05-21,0,21.3,11.9
2011-05-22,0,19,13.8
2011-05-23,3.4,18.3,13.4
2011-05-24,1.2,16.6,9.8
2011-05-25,1.2,15.6,10
2011-05-26,0,14.5,9.6
2011-05-27,1.6,15.5,10
2011-05-28,1,13.8,10.5
2011-05-29,0,14.3,10.5
2011-05-30,0,16.5,5.8
2011-05-31,0,16,6.9
2011-06-01,0,18.3,3.4
2011-06-02,0,19.5,6.1
2011-06-03,0,17,12.2
2011-06-04,0,16.9,11.7
2011-06-05,0.2,16.3,7.7
2011-06-06,4.6,13.8,5.6
2011-06-07,0,10.9,7
2011-06-08,6.6,12,4.9
2011-06-09,2.6,15.8,6.8
2011-06-10,0,16.2,9.8
2011-06-11,0,16.3,10.1
2011-06-12,0,15.3,6.7
2011-06-13,0,15.6,7.3
2011-06-14,0.2,14.1,7.5
2011-06-15,0,15,4.6
2011-06-16,0,15.7,4
2011-06-17,4.4,14.4,6.3
2011-06-18,1.4,16.8,9.4
2011-06-19,0,17,10.4
2011-06-20,0.4,16.2,11
2011-06-21,7.2,12.5,7.6
2011-06-22,4.2,13.9,7.3
2011-06-23,0.2,16.2,9.4
2011-06-24,0.4,18.2,11
2011-06-25,0,17,11.5
2011-06-26,0,15,8.9
2011-06-27,0,17,9.1
2011-06-28,0,15.2,6.8
2011-06-29,0,18.4,4.5
2011-06-30,0,17.6,6.5
2011-07-01,0,17.3,8.3
2011-07-02,0,16.5,8.7
2011-07-03,0,13.6,10.3
2011-07-04,0.2,15.8,10
2011-07-05,0,12.7,9.3
2011-07-06,1.8,14.2,8.9
2011-07-07,2.4,11.5,6.4
2011-07-08,0,12.5,6.6
2011-07-09,0,14.8,8.4
2011-07-10,0,13.4,7.6
2011-07-11,3.2,13.5,7.4
2011-07-12,0,13.6,9.1
2011-07-13,0.4,13.7,9.7
2011-07-14,7.2,14.8,7.3
2011-07-15,0.2,14.1,5.4
2011-07-16,0,15.8,2.8
2011-07-17,0,14.1,4.6
2011-07-18,9.2,12.8,9.1
2011-07-19,0.6,16.4,9.5
2011-07-20,0.2,12.9,10.4
2011-07-21,0,13.4,7.8
2011-07-22,0.8,17.5,8.9
2011-07-23,0,13,5.5
2011-07-24,3.4,12.8,6.7
2011-07-25,1.8,14,9.1
2011-07-26,5.2,14.1,7.9
2011-07-27,0.2,15.1,2.7
2011-07-28,0.2,16,4.6
2011-07-29,0,17.5,7.4
2011-07-30,0,15.4,8.4
2011-07-31,0.4,19.4,10.9
2011-08-01,0,18.6,11.2
2011-08-02,0.4,20.2,11.7
2011-08-03,0,23.2,12.6
2011-08-04,0,21,15.5
2011-08-05,0,18.4,13.3
2011-08-06,0,15.1,10.4
2011-08-07,4,14.4,6.1
2011-08-08,0.8,14.5,8.3
2011-08-09,0.2,12.6,7
2011-08-10,1.2,12.6,8.1
2011-08-11,3.4,16.1,9.7
2011-08-12,0,13.3,3.5
2011-08-13,0,13.8,4.5
2011-08-14,0,17.9,6.9
2011-08-15,0.2,15.5,8.6
2011-08-16,2.8,21.2,10.2
2011-08-17,0,15.5,13.9
2011-08-18,3.6,14.1,8
2011-08-19,2.2,17.3,10
2011-08-20,0,18.5,9.8
2011-08-21,0,21.4,6.1
2011-08-22,0,19.8,6.5
2011-08-23,0,19.9,9.1
2011-08-24,0,20.5,7.5
2011-08-25,0,21.7,11.4
2011-08-26,0,16.5,8
2011-08-27,0,19.1,8.9
2011-08-28,0,19.2,8
2011-08-29,0.2,15.9,11.1
2011-08-30,0,15.3,5.1
2011-08-31,0,15.4,8.6
2011-09-01,0,16.7,9.5
2011-09-02,0,21.7,8.9
2011-09-03,0,22.1,10.3
2011-09-04,0,21.5,16.1
2011-09-05,0,22.3,8.8
2011-09-06,0,16.7,12.1
2011-09-07,0,16.1,6.9
2011-09-08,0,16.6,5.4
2011-09-09,7.8,15.6,7.6
2011-09-10,8,16.1,7.1
2011-09-11,0.6,16,8.4
2011-09-12,0.2,14.4,9.5
2011-09-13,0,19.2,10.8
2011-09-14,0.2,18.5,11.6
2011-09-15,0.6,17.8,5.7
2011-09-16,0,22.3,9.7
2011-09-17,0,25.4,8.1
2011-09-18,0,20.4,12.4
2011-09-19,0.2,28.3,9.5
2011-09-20,3.8,17.6,10.7
2011-09-21,0,20.7,9.5
2011-09-22,0,25,12.4
2011-09-23,0,16.4,11.3
2011-09-24,0,15.3,8.5
2011-09-25,0,19.7,8.9
2011-09-26,0,20.9,7.1
2011-09-27,0,22.5,12.1
2011-09-28,0,22.3,13.7
2011-09-29,46.8,16.3,11.7
2011-09-30,3.8,17.6,9.5
2011-10-01,NA,14,9
2011-10-02,NA,17.6,9.2
2011-10-03,13.4,19,5.6
2011-10-04,0,22.5,7.2
2011-10-05,0,21.9,11
2011-10-06,0,20.7,12.8
2011-10-07,0,20.5,13.1
2011-10-08,NA,19.9,12.7
2011-10-09,NA,16.1,12.1
2011-10-10,3.6,16.1,7.4
2011-10-11,2,16.8,10.1
2011-10-12,0,17.4,9.4
2011-10-13,0.2,21.2,7.8
2011-10-14,0,26.3,10.4
2011-10-15,NA,24,15.6
2011-10-16,NA,18.4,10.5
2011-10-17,2.4,18.7,7.7
2011-10-18,0,25.1,7.5
2011-10-19,0,29.2,12.9
2011-10-20,0,29.2,19.7
2011-10-21,4.4,16,14.8
2011-10-22,NA,18.1,13.2
2011-10-23,NA,30.3,13.4
2011-10-24,7.2,18.4,13.8
2011-10-25,7.6,17.6,10.7
2011-10-26,0,20.7,10.3
2011-10-27,0,25.9,11.9
2011-10-28,0,26.4,16.8
2011-10-29,NA,22.9,15.4
2011-10-30,NA,17.4,10.5
2011-10-31,22.4,17,10.9
2011-11-01,NA,17.9,11.8
2011-11-02,0.4,15.8,12.6
2011-11-03,0.8,18.1,11.3
2011-11-04,1.2,20.5,12.6
2011-11-05,NA,30.6,10.1
2011-11-06,NA,26.7,17.7
2011-11-07,0.2,28.8,14.6
2011-11-08,8.4,26.9,16.8
2011-11-09,0.4,29.1,18.3
2011-11-10,17.4,22.7,14.5
2011-11-11,0,24.2,11.8
2011-11-12,NA,24.4,14.9
2011-11-13,NA,25.3,15
2011-11-14,4.2,26,15.9
2011-11-15,0,30.1,12.7
2011-11-16,9.4,20.8,13.6
2011-11-17,0,28.2,10.4
2011-11-18,0,35,15.2
2011-11-19,NA,22.2,18.7
2011-11-20,NA,23.3,13.1
2011-11-21,25,22.4,10.7
2011-11-22,0,20.2,12.9
2011-11-23,NA,20.4,12.2
2011-11-24,0.4,25.3,11.3
2011-11-25,0,24.8,14.6
2011-11-26,NA,19.1,16.9
2011-11-27,NA,22.9,13
2011-11-28,39.2,28.9,15.2
2011-11-29,0,34.7,18.4
2011-11-30,1.8,19.3,15.9
2011-12-01,3.4,18.7,9.9
2011-12-02,0,20.6,10.7
2011-12-03,0,20.2,13.1
2011-12-04,0,18.6,11.8
2011-12-05,0.2,21.4,8.6
2011-12-06,0,25.9,10.5
2011-12-07,0,29.3,12.9
2011-12-08,0,32.4,15.7
2011-12-09,0,31.7,19.3
2011-12-10,NA,29,19
2011-12-11,NA,20.5,14.8
2011-12-12,34.6,20.9,12.7
2011-12-13,1.6,20,14.2
2011-12-14,0,20.2,13.7
2011-12-15,0,23.3,12.7
2011-12-16,0,29.3,13.7
2011-12-17,0,32.3,16.4
2011-12-18,0,26.1,21.9
2011-12-19,7.4,23.3,17.7
2011-12-20,0,22.4,15.5
2011-12-21,0,25.5,15.5
2011-12-22,0,27.6,14.2
2011-12-23,0,30.9,17.7
2011-12-24,NA,27.1,18.2
2011-12-25,NA,29.6,18.5
2011-12-26,NA,20.7,17.5
2011-12-27,NA,22.2,16
2011-12-28,33,22.1,14
2011-12-29,0,23,15.1
2011-12-30,0,28,15.7
2011-12-31,0,35.6,16.4
2012-01-01,0,33.9,18.3
2012-01-02,0,40,20.1
2012-01-03,0,29.8,23.5
2012-01-04,2,23,18.5
2012-01-05,0,21.8,14.4
2012-01-06,0,24.4,13.8
2012-01-07,0,29.9,14.8
2012-01-08,NA,29.8,19.5
2012-01-09,13.2,24.6,14.7
2012-01-10,1.2,20.1,13.8
2012-01-11,2.8,19,13
2012-01-12,2.6,21.5,12.5
2012-01-13,0.6,20.9,13.3
2012-01-14,NA,19.9,13.8
2012-01-15,NA,24,15.1
2012-01-16,0.8,33.6,14.6
2012-01-17,0,34.3,23.7
2012-01-18,0,24.6,22.4
2012-01-19,0,24,15.6
2012-01-20,0,21.5,16.3
2012-01-21,0,28.2,17.4
2012-01-22,0,33,16.8
2012-01-23,0,33.5,18.6
2012-01-24,0,35,20.4
2012-01-25,0,25,20.3
2012-01-26,0,24.5,16.1
2012-01-27,NA,30.7,16.6
2012-01-28,NA,30.4,20
2012-01-29,NA,34.9,20.5
2012-01-30,2.8,32.5,22.3
2012-01-31,3.4,20.8,15.1
2012-02-01,0,24.5,12.9
2012-02-02,0,27.1,13.7
2012-02-03,0,27.1,15.3
2012-02-04,NA,32.9,16.3
2012-02-05,NA,32.1,20.7
2012-02-06,6.6,23.8,13.5
2012-02-07,0,22,14.5
2012-02-08,0,22.2,13.7
2012-02-09,0,25.2,12.4
2012-02-10,0,26.9,15.5
2012-02-11,NA,21.9,15.6
2012-02-12,NA,23.7,15.6
2012-02-13,7.6,24.7,16.8
2012-02-14,0,29,16
2012-02-15,0,34,17.4
2012-02-16,0,27.4,21.9
2012-02-17,9.4,23.9,18.4
2012-02-18,NA,26.2,16.4
2012-02-19,NA,30,16.9
2012-02-20,0,23.9,19.5
2012-02-21,0,24.4,17.8
2012-02-22,0,26.1,14.7
2012-02-23,0,25.8,16
2012-02-24,0,37.1,15
2012-02-25,NA,37.1,18.8
2012-02-26,NA,33.2,24.7
2012-02-27,10,25.1,21.6
2012-02-28,25.6,21.1,17.7
2012-02-29,0.6,23.3,16.2
2012-03-01,14.8,20.8,15.7
2012-03-02,0.6,23.7,14.9
2012-03-03,NA,18.9,16.1
2012-03-04,NA,27.1,15
2012-03-05,17,22.5,15.5
2012-03-06,0,22.3,15.5
2012-03-07,0,22,13.7
2012-03-08,0,21.8,14.9
2012-03-09,0,25.9,16.6
2012-03-10,0,21.9,15.6
2012-03-11,0,21.8,12.7
2012-03-12,0,24.3,15.5
2012-03-13,0,29.9,13.5
2012-03-14,0,31.6,16.8
2012-03-15,1.8,27.2,21.2
2012-03-16,11.2,23.4,18
2012-03-17,NA,22.2,12.6
2012-03-18,NA,23.2,13.9
2012-03-19,3,28.2,13
2012-03-20,0,27.6,15.8
2012-03-21,0,21.1,17.9
2012-03-22,10,20.8,11.4
2012-03-23,0,18,12.8
2012-03-24,NA,18.2,12.2
2012-03-25,NA,19.1,12.4
2012-03-26,0.4,21,9.4
2012-03-27,0,21,11.2
2012-03-28,0,23.6,14.1
2012-03-29,0,26.7,12.3
2012-03-30,0,28.2,14.2
2012-03-31,0.2,29.2,16
2012-04-01,0.2,21.7,16.4
2012-04-02,0,25.5,10.9
2012-04-03,0.4,26,15.3
2012-04-04,0,26.3,13.5
2012-04-05,0,27.4,13.7
2012-04-06,0,28.5,16
2012-04-07,NA,19.2,11.5
2012-04-08,NA,19.8,10.2
2012-04-09,NA,16.8,12.2
2012-04-10,13.4,16.5,8.4
2012-04-11,0.6,19.6,10.8
2012-04-12,0,23.2,8.2
2012-04-13,0,25.4,10.2
2012-04-14,0,24.8,12.5
2012-04-15,0,27.2,16.9
2012-04-16,0,21.2,14.7
2012-04-17,0,23.4,11.1
2012-04-18,0,25.3,12
2012-04-19,0,24.2,15.3
2012-04-20,5.4,22.6,14.6
2012-04-21,NA,23.8,13.4
2012-04-22,NA,23.3,13.6
2012-04-23,1.4,19.2,14.5
2012-04-24,4.4,15.1,7.9
2012-04-25,NA,15.9,9.3
2012-04-26,22.8,18.2,11.2
2012-04-27,0.4,20,10.3
2012-04-28,NA,21.6,9.3
2012-04-29,NA,17.9,11.9
2012-04-30,1.6,18.3,6.2
2012-05-01,0,22.6,8.2
2012-05-02,19.8,15.2,11.8
2012-05-03,2.8,13,8.4
2012-05-04,3,17.1,10.8
2012-05-05,NA,14.1,9.7
2012-05-06,NA,16.2,9.9
2012-05-07,1.6,15.4,10.7
2012-05-08,0.2,20.7,12.4
2012-05-09,0,22.3,14.4
2012-05-10,0,20.6,10.7
2012-05-11,1,18.5,12
2012-05-12,NA,16.8,8.8
2012-05-13,NA,15,10.3
2012-05-14,11,17.4,10.4
2012-05-15,2.6,18.2,10.6
2012-05-16,0.2,17.8,11.9
2012-05-17,0,19.2,9.4
2012-05-18,0,17,10.3
2012-05-19,NA,15.9,11.2
2012-05-20,NA,16.5,8.5
2012-05-21,1.6,17,4.6
2012-05-22,0,18.3,9.4
2012-05-23,0,20.5,11.4
2012-05-24,0,15.7,10.9
2012-05-25,4.2,11,9.3
2012-05-26,NA,16.1,8.5
2012-05-27,NA,15.1,10.1
2012-05-28,34.6,15.1,10.9
2012-05-29,0,14.8,10.1
2012-05-30,0,15.1,9.5
2012-05-31,0,17.5,5.7
2012-06-01,0,17.7,6.2
2012-06-02,NA,16.3,4.8
2012-06-03,NA,14.3,6.6
2012-06-04,7,14.1,9.7
2012-06-05,11.2,12.6,10.8
2012-06-06,0,15.3,8.9
2012-06-07,0,14.1,10.4
2012-06-08,0,15,10.7
2012-06-09,NA,12.8,10
2012-06-10,NA,13.1,8.8
2012-06-11,NA,11.6,4.2
2012-06-12,10,16.5,3.4
2012-06-13,0,16.6,5.2
2012-06-14,0,15.4,8.9
2012-06-15,0.4,16.6,11.3
2012-06-16,NA,14.8,8.7
2012-06-17,NA,15.3,10.1
2012-06-18,4,15.6,9.3
2012-06-19,1,14.8,8.1
2012-06-20,0,13.6,4.7
2012-06-21,8.2,10.5,8.7
2012-06-22,22.4,12.5,8.4
2012-06-23,NA,14.2,5.9
2012-06-24,NA,16.5,7.1
2012-06-25,5.2,15.6,11.4
2012-06-26,1.2,12.5,7.7
2012-06-27,0,14.3,4.4
2012-06-28,0,14.3,6.1
2012-06-29,0,14,10.7
2012-06-30,1.8,12.6,7.8
2012-07-01,NA,10.5,6.4
2012-07-02,15.2,12.4,7.1
2012-07-03,1.4,14.4,8.9
2012-07-04,2.6,14,8.7
2012-07-05,0,13.6,5.4
2012-07-06,0,12.1,5.7
2012-07-07,0,14.5,2.3
2012-07-08,0,15.3,3.2
2012-07-09,NA,16.5,5.4
2012-07-10,0.4,14.3,10.3
2012-07-11,2,15.8,11.4
2012-07-12,NA,14,11.7
2012-07-13,3.6,14.9,9.6
2012-07-14,NA,14,10.4
2012-07-15,NA,15.5,7.7
2012-07-16,3.4,17.2,8.8
2012-07-17,0,16.6,11.3
2012-07-18,1.2,15,8.9
2012-07-19,0.2,15,4.1
2012-07-20,0,16.4,6.8
2012-07-21,0,17.6,7.2
2012-07-22,0,16.7,8.3
2012-07-23,0,16.5,4
2012-07-24,0,15.1,5.6
2012-07-25,0,15.9,8.1
2012-07-26,5,13.3,9.3
2012-07-27,2.6,14.6,9.9
2012-07-28,NA,16.1,8.2
2012-07-29,NA,13.2,7.2
2012-07-30,21.4,15.8,7.3
2012-07-31,0,15.1,8.5
2012-08-01,0,14.2,3.7
2012-08-02,0,12.5,3.1
2012-08-03,0.4,16.2,6.5
2012-08-04,NA,16.7,10
2012-08-05,NA,17.2,10
2012-08-06,2.2,13.8,6.8
2012-08-07,0,16,6.3
2012-08-08,0.2,10.8,9.3
2012-08-09,3.4,11.6,8.1
2012-08-10,8.2,15.1,8
2012-08-11,NA,15.5,9.6
2012-08-12,NA,15.8,9.7
2012-08-13,3.6,16.6,5.5
2012-08-14,0,14.6,7
2012-08-15,6.4,15.4,5.8
2012-08-16,1.8,15.2,6.8
2012-08-17,3.6,11.4,8.6
2012-08-18,NA,13.4,8.9
2012-08-19,NA,13.8,9.1
2012-08-20,7.8,14,8.4
2012-08-21,0,16.2,7.8
2012-08-22,0,21.2,11.1
2012-08-23,0,17.9,13.1
2012-08-24,3.2,14.4,7.9
2012-08-25,NA,14.8,6.7
2012-08-26,NA,15.1,8.8
2012-08-27,0.8,15.3,6.6
2012-08-28,0,17.8,9.3
2012-08-29,0,20.9,11.6
2012-08-30,1.6,14,7.9
2012-08-31,9.6,15.1,7.7
2012-09-01,0,15.3,9
2012-09-02,0,19.2,5.3
2012-09-03,0,22.3,9.9
2012-09-04,0,24.1,12.5
2012-09-05,0,20,15.9
2012-09-06,0,19.2,13.3
2012-09-07,10.2,15.4,8.3
2012-09-08,NA,16.7,9.7
2012-09-09,NA,19,10.1
2012-09-10,2.4,18.9,7.5
2012-09-11,0,21.8,7.7
2012-09-12,0,20.9,11
2012-09-13,5.6,14.8,8.7
2012-09-14,0.8,15.9,6.1
2012-09-15,NA,15.8,10.2
2012-09-16,NA,17,7.6
2012-09-17,2.8,16.7,10.9
2012-09-18,0,17.1,8.7
2012-09-19,4.6,17.6,11.3
2012-09-20,0.4,22.4,11.6
2012-09-21,0.2,18.2,13.3
2012-09-22,NA,21.3,11.6
2012-09-23,NA,20,13.2
2012-09-24,1.4,15.2,7.9
2012-09-25,0.4,18,6.3
2012-09-26,0,21.5,7
2012-09-27,0,26.6,15.2
2012-09-28,0.6,16.7,13.5
2012-09-29,8.4,13.5,6.3
2012-09-30,1.4,15.8,7.2
2012-10-01,NA,18.2,10
2012-10-02,0.2,22.2,11.6
2012-10-03,0,27.2,9.9
2012-10-04,0,31.4,16.9
2012-10-05,0,18,11.9
2012-10-06,0,13.9,11.3
2012-10-07,3.2,15.7,6.8
2012-10-08,1.2,16.3,9.2
2012-10-09,0,18.1,8.3
2012-10-10,6.4,15.8,7.3
2012-10-11,2.4,13.4,6.9
2012-10-12,0.6,15.2,8.8
2012-10-13,NA,17.1,10.2
2012-10-14,NA,22.5,8.3
2012-10-15,1.8,26.7,12.1
2012-10-16,0,20.6,12
2012-10-17,2,17.2,8.6
2012-10-18,0,21.4,9
2012-10-19,0.4,28.4,11.7
2012-10-20,NA,22.2,12.8
2012-10-21,NA,19.2,11.2
2012-10-22,4.2,18.6,8.1
2012-10-23,0,23.4,8.5
2012-10-24,0,22.7,13
2012-10-25,0,21.2,17.9
2012-10-26,1.6,15.7,10.5
2012-10-27,NA,15.5,9.2
2012-10-28,NA,18,10.9
2012-10-29,5.2,25.4,9.3
2012-10-30,0,32,13.2
2012-10-31,0,30.2,18.6
2012-11-01,3.2,16,12.8
2012-11-02,0.6,16.8,10.6
2012-11-03,0,22,10.4
2012-11-04,0,29.1,12.1
2012-11-05,0,26.8,19.9
2012-11-06,0,22.9,20.1
2012-11-07,1.6,19.6,14.8
2012-11-08,1.6,23,12.3
2012-11-09,0.4,18.9,12.5
2012-11-10,NA,19.3,9.5
2012-11-11,NA,27.4,8.2
2012-11-12,5.4,26.8,17.2
2012-11-13,0,19.8,11.9
2012-11-14,0,19.6,10.4
2012-11-15,0,19.8,10.8
2012-11-16,0.4,19.3,12.3
2012-11-17,NA,19,12.5
2012-11-18,NA,19.7,10.6
2012-11-19,0.8,24,11.3
2012-11-20,0,28.1,12.3
2012-11-21,0,20.9,17
2012-11-22,0,21.7,11.8
2012-11-23,0,21.8,14.5
2012-11-24,0,34.5,13.3
2012-11-25,0,21.8,16.4
2012-11-26,0,22.2,13.7
2012-11-27,17.8,22.9,15.2
2012-11-28,4.8,28.1,15.3
2012-11-29,0,39.6,17.8
2012-11-30,0.6,27.7,24.1
2012-12-01,NA,27.4,17.6
2012-12-02,NA,20.7,13.5
2012-12-03,11,21.4,14.2
2012-12-04,0,18.9,12
2012-12-05,0.2,18.2,12.3
2012-12-06,0.2,21.2,12.6
2012-12-07,0,30.6,14
2012-12-08,0,37,18.6
2012-12-09,0,21.1,14.6
2012-12-10,0,21.4,11.9
2012-12-11,0,29.1,12.6
2012-12-12,0,34.3,14.8
2012-12-13,0,35.1,22
2012-12-14,6.4,22.9,18.9
2012-12-15,NA,24.8,19.3
2012-12-16,NA,23.1,16.2
2012-12-17,7.6,22,11.8
2012-12-18,0,27.8,12.3
2012-12-19,0,32.6,17.1
2012-12-20,4.6,23.5,13.8
2012-12-21,0,22.4,14.5
2012-12-22,0,28.3,11.9
2012-12-23,0,38.3,16.2
2012-12-24,0,27.6,24.3
2012-12-25,0,21.9,14.7
2012-12-26,0,22.4,13.5
2012-12-27,0,31.2,14.8
2012-12-28,0,21.7,15.5
2012-12-29,0,23.3,14.6
2012-12-30,0,21.9,14.3
2012-12-31,0,24.7,13.5
2013-01-01,0,25.3,15.4
2013-01-02,0,22.2,15.3
2013-01-03,0,37.1,13.7
2013-01-04,0,41.1,19.5
2013-01-05,0,25.7,20
2013-01-06,0,25.7,16.7
2013-01-07,0,30.3,16.2
2013-01-08,0,30.3,18.3
2013-01-09,0.2,21,13.1
2013-01-10,0.2,27.2,14.2
2013-01-11,0,39.4,17.3
2013-01-12,0,24.1,16.6
2013-01-13,0,20.8,16.2
2013-01-14,0,21.8,14.1
2013-01-15,0,27.7,12.5
2013-01-16,0,25.5,14.9
2013-01-17,0,40.8,15.6
2013-01-18,0,25.9,20.5
2013-01-19,0,23,16.9
2013-01-20,0,25,14.5
2013-01-21,0,25.7,17.1
2013-01-22,0,26.3,17.9
2013-01-23,0,24.6,16.5
2013-01-24,0,36.6,15
2013-01-25,0,27.4,19.4
2013-01-26,NA,21.7,16.3
2013-01-27,NA,24.1,15
2013-01-28,NA,24.4,15.9
2013-01-29,7.2,21.7,14.5
2013-01-30,0,29.1,12.2
2013-01-31,0,24.7,16.2
2013-02-01,25.8,21.1,12.2
2013-02-02,NA,21.8,13.9
2013-02-03,NA,26.1,16.1
2013-02-04,1,22.7,17.2
2013-02-05,0,28.9,15.9
2013-02-06,0,37.2,16.1
2013-02-07,0,30.9,20.1
2013-02-08,0,30,18.1
2013-02-09,NA,30.2,16.5
2013-02-10,NA,23.5,15.6
2013-02-11,3.8,25.7,15.9
2013-02-12,0,26,16.2
2013-02-13,0,32.7,15.7
2013-02-14,0,33,18.8
2013-02-15,0,31.4,19.7
2013-02-16,0,35.4,19.5
2013-02-17,0,35.7,19.8
2013-02-18,0,36.7,21.2
2013-02-19,0.4,21,20.5
2013-02-20,0.4,29.5,15.8
2013-02-21,0,31.8,17.3
2013-02-22,0.2,32.6,20.7
2013-02-23,NA,32.1,19.4
2013-02-24,NA,34.3,19.4
2013-02-25,NA,29.7,22.2
2013-02-26,NA,27.5,17.3
2013-02-27,27,27.6,17.7
2013-02-28,7.8,21.4,14.2
2013-03-01,0.4,25.1,14.4
2013-03-02,0,26.9,14.9
2013-03-03,0,29.1,13.9
2013-03-04,0,32.7,17.3
2013-03-05,0,33.6,18
2013-03-06,0,33.8,18.8
2013-03-07,0,35.5,22
2013-03-08,0,33,21.1
2013-03-09,0,35.8,21.9
2013-03-10,0,35.4,23.3
2013-03-11,0,37.1,20.6
2013-03-12,0,36.2,22.3
2013-03-13,0,27.2,26.5
2013-03-14,0.2,24.2,16.1
2013-03-15,0,23.9,17.8
2013-03-16,NA,23,17
2013-03-17,NA,19.9,11.5
2013-03-18,17.4,21.9,12.5
2013-03-19,1.6,24,11.4
2013-03-20,0,28.8,13
2013-03-21,0,23.8,16.2
2013-03-22,0.4,20.5,14.7
2013-03-23,0,24.2,14.8
2013-03-24,0,25.7,16.5
2013-03-25,0,23.8,13.7
2013-03-26,0,31.4,16.2
2013-03-27,0,35.6,19.2
2013-03-28,17.4,22.3,15.6
2013-03-29,NA,18.5,10.9
2013-03-30,NA,22.4,12
2013-03-31,4,19.2,13.9
2013-04-01,NA,20.1,9.5
2013-04-02,0.6,19.9,11.7
2013-04-03,0.2,17.8,14
2013-04-04,0,21,10.2
2013-04-05,0,25.2,10
2013-04-06,NA,28.2,11.9
2013-04-07,NA,27.4,14.1
2013-04-08,5.2,23.3,16.9
2013-04-09,0,23.5,14.1
2013-04-10,0,24.8,12.3
2013-04-11,0.2,18.4,14.6
2013-04-12,1.2,25.1,12
2013-04-13,NA,24.3,15.3
2013-04-14,NA,22.5,16.4
2013-04-15,7.2,16,13.8
2013-04-16,0.4,20.2,11.5
2013-04-17,0,19.3,11.6
2013-04-18,1,18.5,11.1
2013-04-19,4.8,18.4,9.8
2013-04-20,0,19,9.8
2013-04-21,0,20.7,6.9
2013-04-22,1.2,17.2,10.9
2013-04-23,3.6,19.7,12
2013-04-24,0,20.9,13.6
2013-04-25,NA,21.2,10.8
2013-04-26,2.4,23.6,13.9
2013-04-27,0,24.5,14.7
2013-04-28,0,19.5,16.6
2013-04-29,0,18.4,10.6
2013-04-30,0,19.3,7.9
2013-05-01,0,16.5,9.3
2013-05-02,1.8,18.3,7
2013-05-03,0,19,9.3
2013-05-04,NA,17.1,11.3
2013-05-05,NA,15.1,11.3
2013-05-06,2,19,5.7
2013-05-07,0.8,20.2,7.2
2013-05-08,0,23,10.5
2013-05-09,0,25.5,13.5
2013-05-10,0,25.1,12.7
2013-05-11,NA,24.9,13.5
2013-05-12,NA,22.1,16.5
2013-05-13,0.4,17,14.3
2013-05-14,2.4,13.6,7.8
2013-05-15,2.2,16.1,9.3
2013-05-16,8.6,16,10.3
2013-05-17,3.8,16.4,9.8
2013-05-18,NA,15.3,10
2013-05-19,NA,17.3,9.1
2013-05-20,0.4,13.9,10.7
2013-05-21,5.2,17,7.4
2013-05-22,0,15.4,6.3
2013-05-23,0,17,5.6
2013-05-24,0,16.7,4.9
2013-05-25,NA,19.1,7.9
2013-05-26,NA,16.3,11.1
2013-05-27,0,15.7,11.7
2013-05-28,0,18.3,5.2
2013-05-29,0,18.9,7.2
2013-05-30,1.2,15.7,12.1
2013-05-31,9.2,18.6,14
2013-06-01,NA,16.3,13.7
2013-06-02,NA,17.8,10.3
2013-06-03,57.8,15.8,10.3
2013-06-04,0.6,15.3,11.8
2013-06-05,0,14.2,12
2013-06-06,0,17.3,12.5
2013-06-07,17,15.9,10.9
2013-06-08,NA,16.1,4.9
2013-06-09,NA,14.3,6.1
2013-06-10,NA,16.4,6.8
2013-06-11,0.4,14.9,9.7
2013-06-12,0.4,13.5,9.4
2013-06-13,9.8,13,10.8
2013-06-14,10.2,15.6,11
2013-06-15,NA,14.8,9.7
2013-06-16,NA,14.9,9.3
2013-06-17,2,12.1,7.2
2013-06-18,1.6,15.9,8.5
2013-06-19,0,15,4.8
2013-06-20,0,15.2,2.3
2013-06-21,0,15.4,3.2
2013-06-22,0,14.8,2.9
2013-06-23,0,14.2,1.5
2013-06-24,0,12.1,2.1
2013-06-25,0,17.2,4
2013-06-26,0,17.5,2.9
2013-06-27,0,17.6,4.7
2013-06-28,0,16.9,6.7
2013-06-29,0,14.5,6.7
2013-06-30,0,18.3,5.4
2013-07-01,0,18.1,7.4
2013-07-02,1.6,19.2,12.7
2013-07-03,0,16,9.9
2013-07-04,0,16.3,9.6
2013-07-05,0.4,13.9,9
2013-07-06,NA,16.2,9.4
2013-07-07,NA,13.6,6.3
2013-07-08,4.4,15.1,4.3
2013-07-09,0,14.5,3.1
2013-07-10,0,15.2,3.1
2013-07-11,0,16,4.2
2013-07-12,0,17.5,5.9
2013-07-13,NA,15.1,8
2013-07-14,NA,16.1,10.8
2013-07-15,18,19.5,12.5
2013-07-16,0,16.7,10.6
2013-07-17,0,18.2,10.5
2013-07-18,0,23.3,12.9
2013-07-19,7,17,14.3
2013-07-20,NA,9.7,7.9
2013-07-21,NA,11.1,5.7
2013-07-22,20,14.3,6.4
2013-07-23,3.2,13.9,8
2013-07-24,0,14.4,10.6
2013-07-25,0,12.4,4.1
2013-07-26,0.6,15.1,7.8
2013-07-27,NA,14.1,9.3
2013-07-28,NA,18.2,10.5
2013-07-29,5,19.5,12.2
2013-07-30,2.2,16.2,10.3
2013-07-31,0,15.7,3.6
2013-08-01,0,14.8,5.2
2013-08-02,0,13.9,7.7
2013-08-03,NA,12.9,7.2
2013-08-04,NA,14.1,8.3
2013-08-05,17,16.1,9.4
2013-08-06,6.2,16.8,11
2013-08-07,0.8,13.7,6.9
2013-08-08,15.8,15.4,7
2013-08-09,6.4,11.7,8.3
2013-08-10,NA,18.3,8.8
2013-08-11,NA,16.5,8.4
2013-08-12,0,14.7,10.5
2013-08-13,1.6,16.5,8.4
2013-08-14,0,14.4,10.7
2013-08-15,1.2,17.9,7.4
2013-08-16,0,17.5,10.5
2013-08-17,NA,15.8,9.4
2013-08-18,NA,17.7,10.9
2013-08-19,0.6,14,7.6
2013-08-20,0.6,13.5,5.3
2013-08-21,0.2,14.1,6.8
2013-08-22,0,15.4,9.4
2013-08-23,3.2,15.1,11.1
2013-08-24,NA,16.8,10.3
2013-08-25,NA,17.4,11.5
2013-08-26,0.4,19.1,10.9
2013-08-27,0,20.6,9.1
2013-08-28,0,22.5,11.3
2013-08-29,0,23.1,13.9
2013-08-30,3.6,19.3,14.6
2013-08-31,1,22.5,10.6
2013-09-01,0.2,23.8,14.5
2013-09-02,0,21.2,14.8
2013-09-03,0,24.6,10.6
2013-09-04,0,23.9,14.2
2013-09-05,0,19.8,19.7
2013-09-06,3.2,15.3,11.8
2013-09-07,NA,20.1,8.8
2013-09-08,NA,18.3,8.8
2013-09-09,0.2,22.9,11.5
2013-09-10,0,17.2,11.9
2013-09-11,0.2,17.9,11.2
2013-09-12,2.4,16,8.5
2013-09-13,2,16,3.9
2013-09-14,NA,19.2,7.8
2013-09-15,NA,21.8,10.4
2013-09-16,3.2,16.7,13
2013-09-17,23.8,19.6,12
2013-09-18,0,20.1,13.1
2013-09-19,10.4,17.3,10.2
2013-09-20,1.8,18.4,10.3
2013-09-21,NA,19.3,6.4
2013-09-22,NA,21.2,11.2
2013-09-23,2.4,24,9.9
2013-09-24,0,24.6,14.9
2013-09-25,NA,24.8,16.5
2013-09-26,33.6,16.2,11.6
2013-09-27,1.4,20.2,7.2
2013-09-28,NA,16.4,8.8
2013-09-29,NA,21.4,7.6
2013-09-30,2.4,23.7,14.3
2013-10-01,2,17.7,11.6
2013-10-02,0.2,17.1,9.8
2013-10-03,1.4,16.5,8.2
2013-10-04,0.4,21.5,5.8
2013-10-05,NA,25.5,12.8
2013-10-06,NA,17.9,13.5
2013-10-07,3,17.9,9.3
2013-10-08,1,21.8,11
2013-10-09,0,26.7,13.6
2013-10-10,0,16.6,16.4
2013-10-11,4.2,21.3,10
2013-10-12,NA,25.5,11.3
2013-10-13,NA,17.4,12.3
2013-10-14,5.4,15,7.6
2013-10-15,2.6,19.5,9.4
2013-10-16,0,27.4,12.9
2013-10-17,1.8,16,10.8
2013-10-18,0.8,22.1,6.6
2013-10-19,0,26.5,12.2
2013-10-20,0,31.6,17.3
2013-10-21,0,17.6,14.8
2013-10-22,0.4,17.2,12.3
2013-10-23,16,16.1,12.9
2013-10-24,6.4,16,7.2
2013-10-25,0.6,16.3,7.5
2013-10-26,NA,17.2,10.2
2013-10-27,NA,18.2,9.9
2013-10-28,1.8,18.2,11.3
2013-10-29,3.4,18.4,11.7
2013-10-30,0,19.9,12.2
2013-10-31,0,18.4,12.3
2013-11-01,0,22.7,9.5
2013-11-02,NA,26.1,12.8
2013-11-03,NA,17.7,13.3
2013-11-04,1.4,17.8,10.3
2013-11-05,0,26,9.1
2013-11-06,0,30.7,12.2
2013-11-07,0,25.8,20.2
2013-11-08,0,18.6,14.4
2013-11-09,NA,17.5,10.3
2013-11-10,NA,18.1,9.7
2013-11-11,8,19.4,9.8
2013-11-12,1,15.9,12.4
2013-11-13,20,14.7,10
2013-11-14,7.8,17.5,10.7
2013-11-15,0.2,19,11.6
2013-11-16,NA,19,10.7
2013-11-17,NA,20.6,9.6
2013-11-18,0,27.7,11.5
2013-11-19,0,31.6,14.7
2013-11-20,NA,18.9,14.4
2013-11-21,0.2,24.1,11.9
2013-11-22,0,23,13.3
2013-11-23,NA,20.2,13.1
2013-11-24,NA,19.6,11.7
2013-11-25,12,22.9,13.2
2013-11-26,0,29.1,10.3
2013-11-27,0,33.1,15.7
2013-11-28,0,24.2,21.8
2013-11-29,8.4,19.3,12
2013-11-30,0.2,19.8,12.3
2013-12-01,0,31,10.1
2013-12-02,0,36,16.6
2013-12-03,0,24.9,16.9
2013-12-04,9,21,17.2
2013-12-05,7.6,16.8,10.7
2013-12-06,NA,19.1,7.9
2013-12-07,NA,27.1,11
2013-12-08,NA,27.8,16.3
2013-12-09,3.6,18.4,16.3
2013-12-10,NA,21,12.5
2013-12-11,13.4,21.1,13.7
2013-12-12,2.4,24,11
2013-12-13,0,22.7,14.4
2013-12-14,0,20,14.4
2013-12-15,0,21.7,14
2013-12-16,0,21.4,14.8
2013-12-17,0,22.1,14.2
2013-12-18,0,26.9,13.9
2013-12-19,0,39.9,15.7
2013-12-20,0,24.2,21.3
2013-12-21,0,21.4,15.1
2013-12-22,0,28.4,16.6
2013-12-23,2.6,18.2,14.6
2013-12-24,2.4,23.3,13.5
2013-12-25,0,31.8,12.3
2013-12-26,0,27.6,17.7
2013-12-27,0,22.4,16.4
2013-12-28,0,36.5,14.8
2013-12-29,0,20.9,14.4
2013-12-30,0,22.6,11.6
2013-12-31,0,25.4,12
2014-01-01,0,26.3,16.2
2014-01-02,4.8,23.6,15.2
2014-01-03,0,22.3,13.9
2014-01-04,NA,20.7,13.4
2014-01-05,NA,26.7,10.9
2014-01-06,1.4,20.2,12.7
2014-01-07,0,20.8,14
2014-01-08,0,27.5,11.7
2014-01-09,0,33.3,14.3
2014-01-10,0,34.7,18.3
2014-01-11,0,22.7,17.8
2014-01-12,0,22.8,16.5
2014-01-13,0,31.1,15.2
2014-01-14,0,42.8,18.3
2014-01-15,0,41.7,28.6
2014-01-16,0,43.9,27
2014-01-17,1.2,43.9,25.6
2014-01-18,NA,24,21.5
2014-01-19,NA,22.8,16.2
2014-01-20,0.4,24.8,17
2014-01-21,0,23.7,16.8
2014-01-22,0,24.3,16.2
2014-01-23,0,30.4,13.6
2014-01-24,1.2,23,16.9
2014-01-25,NA,21,15.5
2014-01-26,NA,27.2,13
2014-01-27,NA,35.3,16.9
2014-01-28,NA,42,24.5
2014-01-29,4.6,25.1,18.4
2014-01-30,0,30,16
2014-01-31,0,27,18.6
2014-02-01,0,30.2,18.6
2014-02-02,0,39,18.3
2014-02-03,0,34,22.7
2014-02-04,0.6,26.2,14.8
2014-02-05,0,31.1,13.9
2014-02-06,0,35.6,17.4
2014-02-07,0,36.6,22.9
2014-02-08,0,41,18.6
2014-02-09,0,40.4,22.2
2014-02-10,0,24.9,15.9
2014-02-11,0,27,14.6
2014-02-12,0,27.2,17.1
2014-02-13,0,26.9,18.9
2014-02-14,0,27,19.4
2014-02-15,NA,28.9,21
2014-02-16,NA,24.1,17.1
2014-02-17,14.8,25.9,16.2
2014-02-18,0,30.4,14.5
2014-02-19,0,25.4,17.5
2014-02-20,9.4,20.8,12.6
2014-02-21,0,20.8,13.2
2014-02-22,NA,20.2,14.2
2014-02-23,NA,23.8,14.2
2014-02-24,0.6,25.2,14.6
2014-02-25,0,33,15.5
2014-02-26,0,22.6,15.1
2014-02-27,0.2,22.3,14.4
2014-02-28,0,23.5,13.8
2014-03-01,0,24.2,15.9
2014-03-02,0,23.4,16.9
2014-03-03,0,25.3,15.7
2014-03-04,0,33.7,16
2014-03-05,0,23,19.5
2014-03-06,0,21.4,14.3
2014-03-07,0,23.1,14.3
2014-03-08,0,28.4,15
2014-03-09,0,33.1,16.5
2014-03-10,0,32.7,21.3
2014-03-11,0,31.2,19.3
2014-03-12,2.2,22.2,16.7
2014-03-13,0,22.9,13.7
2014-03-14,0,27.3,14.9
2014-03-15,NA,29.6,17.3
2014-03-16,NA,20.5,13.7
2014-03-17,5.8,24.9,14.2
2014-03-18,0,25.1,15.9
2014-03-19,0,22.7,13.7
2014-03-20,0,30.9,11.2
2014-03-21,0,23.6,14.6
2014-03-22,NA,19.6,13.3
2014-03-23,NA,19.3,13.9
2014-03-24,4.4,19,12.5
2014-03-25,0.8,24.6,12.1
2014-03-26,0,27,14.1
2014-03-27,4.4,25.4,17.1
2014-03-28,7.8,22.1,17.1
2014-03-29,NA,24.4,12.7
2014-03-30,NA,26.5,14.6
2014-03-31,0.8,30.9,16.6
2014-04-01,0,33.4,18.9
2014-04-02,0,24.9,23
2014-04-03,0.6,18.3,15.1
2014-04-04,0,20.7,14.6
2014-04-05,0,24.5,15
2014-04-06,0,25.4,12.5
2014-04-07,NA,24.9,13.3
2014-04-08,NA,22,16.6
2014-04-09,14.8,18,16.7
2014-04-10,18.6,19.3,16.5
2014-04-11,12.8,19.2,17
2014-04-12,NA,23,15.5
2014-04-13,NA,22.5,13
2014-04-14,1,21.1,12.5
2014-04-15,0,21.9,12.6
2014-04-16,0,22.3,10
2014-04-17,0,25.1,11.2
2014-04-18,NA,19,13.9
2014-04-19,NA,18.1,11.7
2014-04-20,NA,19.1,12.7
2014-04-21,NA,18.5,12.5
2014-04-22,8.4,16.8,13.3
2014-04-23,6.6,19.4,11.9
2014-04-24,0.6,18.8,12.3
2014-04-25,0,20.9,6.5
2014-04-26,0,19.3,9
2014-04-27,0,17.6,9.5
2014-04-28,0,22.4,6.5
2014-04-29,0,20,13.9
2014-04-30,13.4,17.8,10.5
2014-05-01,0,16.2,6.3
2014-05-02,0.2,14.3,9.1
2014-05-03,NA,17.6,10.1
2014-05-04,NA,14.2,8.7
2014-05-05,10.8,16.7,9.8
2014-05-06,1,16.5,10.7
2014-05-07,1.2,16.5,9.7
2014-05-08,0,18.9,4.3
2014-05-09,0,18.6,7
2014-05-10,NA,16.6,12.1
2014-05-11,NA,20,9.7
2014-05-12,13.2,20.1,7.8
2014-05-13,0,20.4,8.3
2014-05-14,0,20.5,8.7
2014-05-15,0,22.5,13.9
2014-05-16,0,23.2,16.8
2014-05-17,0,20.1,16.8
2014-05-18,0,21.5,17.3
2014-05-19,0,23.5,17.4
2014-05-20,0,21.8,14.2
2014-05-21,1.6,23.8,11
2014-05-22,0,21.1,12.5
2014-05-23,4.6,20.7,15.5
2014-05-24,NA,18.1,10.9
2014-05-25,NA,20.5,12.2
2014-05-26,0.6,22.1,12.3
2014-05-27,0,20.1,15.8
2014-05-28,2,19,13
2014-05-29,0,15.9,9.8
2014-05-30,0,17.9,6.4
2014-05-31,0,18.8,7
2014-06-01,NA,15.1,11.4
2014-06-02,7.8,17.4,11.5
2014-06-03,3.2,16.6,12.6
2014-06-04,3,18.6,10.8
2014-06-05,5.2,17.1,11.9
2014-06-06,0.8,16.6,8.5
2014-06-07,NA,17.5,10.5
2014-06-08,NA,15.9,11.2
2014-06-09,NA,15.6,8.6
2014-06-10,0.4,19,9.7
2014-06-11,0,16.6,6.9
2014-06-12,0,16.3,9.2
2014-06-13,5.8,17,12.2
2014-06-14,NA,15.8,10.3
2014-06-15,NA,16.4,9.9
2014-06-16,2.4,17,10.4
2014-06-17,2.2,16.3,10.1
2014-06-18,0,14.3,11.1
2014-06-19,0,12.3,8
2014-06-20,0,15.5,9.3
2014-06-21,0,15.7,11.3
2014-06-22,0,15.8,7.7
2014-06-23,0,14.7,8.5
2014-06-24,4.6,14.5,7.1
2014-06-25,6.2,16,8.6
2014-06-26,0.6,16.8,11.2
2014-06-27,0,14.7,11
2014-06-28,NA,13,9.6
2014-06-29,NA,11.3,8.8
2014-06-30,11.2,13.3,6.5
2014-07-01,0.4,13.4,8.3
2014-07-02,0,17.3,10.8
2014-07-03,0,12.7,7.7
2014-07-04,0,12.9,8.2
2014-07-05,NA,15.4,8.6
2014-07-06,NA,14.1,10.3
2014-07-07,0.8,16,9
2014-07-08,0,14.9,9.2
2014-07-09,0.2,11.2,9.3
2014-07-10,4.6,15.6,7.7
2014-07-11,0.2,14.4,8
2014-07-12,NA,11.6,7.2
2014-07-13,NA,15,5.2
2014-07-14,5.8,13.4,6.9
2014-07-15,0,13.1,8.3
2014-07-16,2.2,14.7,9.7
2014-07-17,0,12.3,8.8
2014-07-18,3,14.3,5.9
2014-07-19,NA,13.5,8.5
2014-07-20,NA,13.7,7.9
2014-07-21,0.4,13.2,4.9
2014-07-22,0,12.5,5.6
2014-07-23,0,13.7,4.5
2014-07-24,0,15,4.5
2014-07-25,NA,16.1,8.8
2014-07-26,NA,15.3,12.3
2014-07-27,NA,17,7
2014-07-28,1.4,16.9,9.7
2014-07-29,0,16.5,11.4
2014-07-30,0,19.1,11.9
2014-07-31,0,19.9,13.7
2014-08-01,6.6,10.3,6
2014-08-02,NA,13.6,4.7
2014-08-03,NA,14.8,1.4
2014-08-04,NA,15.3,1.8
2014-08-05,14.2,16.8,4.4
2014-08-06,0,16.5,10.6
2014-08-07,0.8,14,10.7
2014-08-08,3.6,16.4,10.7
2014-08-09,NA,15.1,8.1
2014-08-10,NA,14,9.4
2014-08-11,8.4,13.6,5.8
2014-08-12,0.6,13,6.4
2014-08-13,0,15.7,8.1
2014-08-14,0.4,15.1,10
2014-08-15,0,17.5,4
2014-08-16,0,13.4,5.9
2014-08-17,0,16.7,7.5
2014-08-18,0,13.6,9.9
2014-08-19,1.2,13.9,10.7
2014-08-20,0,13.6,10.2
2014-08-21,0,18.1,8.4
2014-08-22,0,21.2,7.2
2014-08-23,NA,20.5,7.3
2014-08-24,NA,16.3,11
2014-08-25,1.4,16.7,10.7
2014-08-26,0,19.4,7.8
2014-08-27,0,19.9,7.1
2014-08-28,0,20.2,8.1
2014-08-29,0,15.3,8
2014-08-30,0,21.4,11.2
2014-08-31,0,21.6,10.8
2014-09-01,0,15.4,15
2014-09-02,10.4,16.4,9.1
2014-09-03,0.4,15.4,7.8
2014-09-04,0,16.4,5.7
2014-09-05,0,16.9,5
2014-09-06,0,19.4,6.3
2014-09-07,0,21.2,6.6
2014-09-08,0,21.2,10.8
2014-09-09,0,20.4,15.6
2014-09-10,2,19.7,11.4
2014-09-11,3,17.4,11.5
2014-09-12,NA,16.3,6.3
2014-09-13,NA,18.9,6.6
2014-09-14,NA,20.9,7.3
2014-09-15,0.2,18.7,9.3
2014-09-16,0,15,11.2
2014-09-17,3.2,16.7,8.9
2014-09-18,0.4,14,7.7
2014-09-19,1.4,15.7,8.6
2014-09-20,0,17.5,10
2014-09-21,0,17.5,11.7
2014-09-22,0,23.7,5.6
2014-09-23,0,25.8,10.2
2014-09-24,0,23.7,15.2
2014-09-25,13.2,17.1,13.6
2014-09-26,0,19.5,10.7
2014-09-27,0,23.4,8.8
2014-09-28,0,28,15.5
2014-09-29,0,23.6,14.4
2014-09-30,0,24.2,14.2
2014-10-01,2.2,16.6,7.1
2014-10-02,0.2,17.9,9.4
2014-10-03,0.4,19.4,10.8
2014-10-04,0,26.5,9
2014-10-05,0,19.5,13.9
2014-10-06,0,25.3,9.3
2014-10-07,1.2,18.4,12.2
2014-10-08,0.8,18.8,8.8
2014-10-09,0,23.3,9.8
2014-10-10,0,24.9,13.6
2014-10-11,0,21.6,13.9
2014-10-12,0,30,10.3
2014-10-13,5.4,16.7,10.2
2014-10-14,7.4,17.3,8.6
2014-10-15,0,17.5,8.4
2014-10-16,0,17.2,10.8
2014-10-17,4.6,18.4,10.6
2014-10-18,0,24.4,8.7
2014-10-19,0,29.1,14.7
2014-10-20,0,21.2,10.8
2014-10-21,0,29.1,8.3
2014-10-22,0,31.8,14
2014-10-23,0,22.7,15.2
2014-10-24,0,30.6,15.2
2014-10-25,0,20.3,14.6
2014-10-26,0,24.6,13.9
2014-10-27,25.6,20,13.8
2014-10-28,3.6,20.5,11.5
2014-10-29,0.6,23.2,10.9
2014-10-30,0,22.3,13.7
2014-10-31,0.2,32.9,10.8
2014-11-01,NA,17.9,13.6
2014-11-02,NA,16.8,9
2014-11-03,NA,23.3,10.5
2014-11-04,NA,29.4,13.3
2014-11-05,NA,18.8,13
2014-11-06,NA,23.9,11
2014-11-07,5.2,33,11.6
2014-11-08,NA,35.2,19.3
2014-11-09,NA,20,13.1
2014-11-10,0.6,21.1,11.6
2014-11-11,0,19.2,12.8
2014-11-12,0,25.1,9.5
2014-11-13,0,31.3,13.3
2014-11-14,0,20.9,18.9
2014-11-15,NA,18.1,12.4
2014-11-16,NA,19.3,10.9
2014-11-17,39,21.1,12.4
2014-11-18,0,21.2,11.3
2014-11-19,0,30.1,11.6
2014-11-20,0,28.7,16.2
2014-11-21,0.8,23.9,16.8
2014-11-22,NA,31.4,13.4
2014-11-23,NA,25.5,17
2014-11-24,2,19.9,15.7
2014-11-25,NA,22.3,11
2014-11-26,12,19.8,11.8
2014-11-27,0,20.2,13.2
2014-11-28,0,21,12.1
2014-11-29,0,25,13.3
2014-11-30,0,34.8,15.5
2014-12-01,0,29.3,21.1
2014-12-02,0.2,26.1,16.7
2014-12-03,0,23.9,16.5
2014-12-04,8.6,27.7,17.6
2014-12-05,NA,21.4,17.7
2014-12-06,NA,22.9,15.6
2014-12-07,NA,17.9,13.8
2014-12-08,19.4,21.8,14
2014-12-09,0,21.7,15.5
2014-12-10,0,21.3,13.7
2014-12-11,0.6,22.1,16.3
2014-12-12,0,27.8,14.3
2014-12-13,0,31.5,15.1
2014-12-14,0,26.2,21.4
2014-12-15,0,24.2,16.7
2014-12-16,0,32.6,16.6
2014-12-17,0,22.7,12.2
2014-12-18,0,24.6,12.1
2014-12-19,2,21.1,11.3
2014-12-20,0,23.8,12.6
2014-12-21,NA,33.8,13.7
2014-12-22,NA,25.2,17.9
2014-12-23,1.2,26.8,19.9
2014-12-24,0.4,23,14.4
2014-12-25,0,24.1,14.4
2014-12-26,7.4,21.1,10.9
2014-12-27,0,23,12.2
2014-12-28,0,32.1,13.4
2014-12-29,0,26.4,17.5
2014-12-30,0,24.6,13.4
2014-12-31,0,25.8,11.9
2015-01-01,0,27.3,14
2015-01-02,0,39.4,15.9
2015-01-03,0,38.4,20.8
2015-01-04,5.4,23.9,16.4
2015-01-05,0.2,23.9,15.6
2015-01-06,0,26,17.6
2015-01-07,0,37.4,18.9
2015-01-08,19.4,28.2,23.1
2015-01-09,1.2,18,16.5
2015-01-10,5.2,21.7,13.6
2015-01-11,0,27.5,15.6
2015-01-12,0,31.3,16.1
2015-01-13,0,25.6,20.2
2015-01-14,15.8,22.7,18.3
2015-01-15,0,20,15.8
2015-01-16,0,27.3,13.1
2015-01-17,0,25,15.9
2015-01-18,0,19.5,15.3
2015-01-19,0,23.6,13.5
2015-01-20,0,30.4,13
2015-01-21,0,33.1,19.7
2015-01-22,0,35.8,18.7
2015-01-23,0,25,20.2
2015-01-24,0,26.3,15.8
2015-01-25,0,22,14.7
2015-01-26,1,19.8,11.6
2015-01-27,0.6,19.1,11.7
2015-01-28,0,25.4,13.3
2015-01-29,0,22.2,12.8
2015-01-30,0,21,13.1
2015-01-31,0,20.2,14.3
2015-02-01,9.2,19,13.2
2015-02-02,3.8,21.1,13.5
2015-02-03,0,20,16.1
2015-02-04,0,19,14.8
2015-02-05,0,24.2,13.3
2015-02-06,0,35.7,14.5
2015-02-07,0,35,18.8
2015-02-08,0,21.5,18.9
2015-02-09,0,28.3,13.6
2015-02-10,0,27.8,16.4
2015-02-11,0,26.8,18.1
2015-02-12,0,21.9,17.8
2015-02-13,0,32.4,16.1
2015-02-14,19.6,25.1,19
2015-02-15,0.4,34.4,18.2
2015-02-16,0,24.6,17.4
2015-02-17,0,20.6,17.6
2015-02-18,0,21.2,17.7
2015-02-19,0,26.9,18.2
2015-02-20,0,25.3,17.4
2015-02-21,0,36.1,18.1
2015-02-22,1.6,35.3,20.3
2015-02-23,0,29.3,21.1
2015-02-24,3.2,20.1,15.9
2015-02-25,0,27,14
2015-02-26,0,23.2,16
2015-02-27,0,24.3,14.8
2015-02-28,0,32.3,17.9
2015-03-01,15.8,20.8,15.2
2015-03-02,0,23,11.6
2015-03-03,0,22.7,15.5
2015-03-04,0,23.5,15.4
2015-03-05,0.8,18.6,12.6
2015-03-06,0.2,21.1,14.1
2015-03-07,0.2,22.6,15.4
2015-03-08,0,24.4,16.2
2015-03-09,0,23.8,14.4
2015-03-10,0,21.7,16.2
2015-03-11,0,23.8,11.2
2015-03-12,0,19.9,13
2015-03-13,0,20.4,14.4
2015-03-14,0,30.1,9.4
2015-03-15,2.2,18.3,13.1
2015-03-16,0,25.5,10.5
2015-03-17,0,26.2,13
2015-03-18,1.4,24.4,17.8
2015-03-19,0,33.5,16.5
2015-03-20,0,19.6,14.2
2015-03-21,0,22.7,11.9
2015-03-22,0,28.8,11.3
2015-03-23,0,27,13.6
2015-03-24,1.4,15.3,12.6
2015-03-25,0.4,20.4,13
2015-03-26,0.4,18,9.8
2015-03-27,0.2,18.1,11.6
2015-03-28,0,19.1,12.7
2015-03-29,0,22.7,8.5
2015-03-30,0,23.1,10.6
2015-03-31,0,25.3,11.2
2015-04-01,0,29,13.3
2015-04-02,0.2,17.2,12.8
2015-04-03,0,20.9,8
2015-04-04,0,23.5,8.5
2015-04-05,0,18.5,10.2
2015-04-06,0,18.4,11.2
2015-04-07,0,17.3,12.4
2015-04-08,5.6,17.7,13.3
2015-04-09,0,19.1,8.7
2015-04-10,0,18.7,8.6
2015-04-11,0,23.7,11.6
2015-04-12,0,18.3,12.1
2015-04-13,0,19.1,7.3
2015-04-14,1.6,24.7,10.5
2015-04-15,2.4,27.6,13.9
2015-04-16,0,17.8,15.6
2015-04-17,0,17.1,10.1
2015-04-18,3.6,21.9,13.5
2015-04-19,6.4,14.7,9.7
2015-04-20,1.4,16.2,7
2015-04-21,0,17.7,6.5
2015-04-22,0,19.5,9.1
2015-04-23,0,19.2,12.2
2015-04-24,0,21.1,14.4
2015-04-25,3,15,11.6
2015-04-26,7,15.4,10.4
2015-04-27,4,15.1,10.5
2015-04-28,1.6,16,10.1
2015-04-29,0,17.1,7.4
2015-04-30,0,19.6,6.4
2015-05-01,0,23.1,7.9
2015-05-02,0,22.2,11.6
2015-05-03,0,18.2,9.7
2015-05-04,0,22.3,7.5
2015-05-05,0.6,18.1,9.2
2015-05-06,1.4,16.2,9.5
2015-05-07,2.2,15.6,10.3
2015-05-08,0.2,15.9,10.5
2015-05-09,0,18.7,12.8
2015-05-10,8.6,16.6,12.8
2015-05-11,2.6,15.9,12.4
2015-05-12,0,17.4,12.8
2015-05-13,6.8,12.8,6.3
2015-05-14,4.4,14.6,7.3
2015-05-15,1.8,14.5,11.5
2015-05-16,0,16.2,11.3
2015-05-17,0,20.5,7.4
2015-05-18,0,20.4,7.2
2015-05-19,0,16.2,9.9
2015-05-20,2.4,18.1,13.6
2015-05-21,6.2,13.6,10.3
2015-05-22,0.4,14.1,9.1
2015-05-23,0,13.3,10.4
2015-05-24,0,15.6,6
2015-05-25,0,17.1,7.4
2015-05-26,0,15.6,5.4
2015-05-27,0,18.7,7.9
2015-05-28,0,19.7,13.1
2015-05-29,0,15.8,9.5
2015-05-30,0,17.3,11
2015-05-31,0,16.8,12.3
2015-06-01,8.2,12.2,5.2
2015-06-02,4.2,11.4,7.1
2015-06-03,0.8,13.6,8.1
2015-06-04,0,11.3,4.4
2015-06-05,4.2,15,7
2015-06-06,0.2,16.6,9.2
2015-06-07,0,14.5,11.2
2015-06-08,0,18.5,11.1
2015-06-09,4,13.5,10.3
2015-06-10,0,13.4,7.5
2015-06-11,NA,14,5.7
2015-06-12,0,13.1,5.2
2015-06-13,0,18.2,6
2015-06-14,0,17.4,5.8
2015-06-15,0,16.9,7.1
2015-06-16,5,16.1,9.5
2015-06-17,0,13.8,11.7
2015-06-18,1,12.7,10.7
2015-06-19,0.2,12.4,7
2015-06-20,0,11.6,4.1
2015-06-21,0,12.9,2.2
2015-06-22,0,14.1,3.6
2015-06-23,0,17.6,9.6
2015-06-24,0,16,12.2
2015-06-25,0,14,9.6
2015-06-26,0,16.9,10.5
2015-06-27,0,14.1,8
2015-06-28,0,14.5,9.6
2015-06-29,0,12.3,6.9
2015-06-30,0,14.2,5
2015-07-01,0,15,7.4
2015-07-02,0.6,11.9,10.3
2015-07-03,2.6,12,5.9
2015-07-04,0,10.6,7.3
2015-07-05,2,14.9,8.2
2015-07-06,1.6,11.5,7.5
2015-07-07,2.2,14.2,7.4
2015-07-08,0.2,14.8,4.9
2015-07-09,0,13.4,6.5
2015-07-10,0,14.3,7.6
2015-07-11,0.2,13.1,10.9
2015-07-12,1.6,12.3,3.4
2015-07-13,28.4,12.7,6.1
2015-07-14,3.8,9.8,8.1
2015-07-15,3.6,10.5,5.8
2015-07-16,0.2,12.3,6.6
2015-07-17,2.4,12.3,7.3
2015-07-18,0.4,11.5,6.1
2015-07-19,0,12.1,0.6
2015-07-20,0,14.7,1.8
2015-07-21,0,17,4.2
2015-07-22,1.6,16.6,11.4
2015-07-23,0,16.1,5.1
2015-07-24,1.2,15,7.6
2015-07-25,0.8,13.3,9.4
2015-07-26,3.2,11.6,8.1
2015-07-27,0.8,13.9,6.2
2015-07-28,0,14.4,7.9
2015-07-29,0,14,8.4
2015-07-30,0,12.3,8.6
2015-07-31,0.6,14,4.1
2015-08-01,0.2,11.4,6.5
2015-08-02,0,14.9,7.8
2015-08-03,6.4,10.8,7.3
2015-08-04,0,11.3,3.5
2015-08-05,1,10.8,6.6
2015-08-06,1.6,12.8,7.1
2015-08-07,1.4,13.1,9
2015-08-08,0.4,12.6,8.8
2015-08-09,0,13.3,7.7
2015-08-10,0.2,16,8.3
2015-08-11,0.8,14.8,7.8
2015-08-12,0,14.8,9.3
2015-08-13,0.2,13,8.4
2015-08-14,0,15.3,10.4
2015-08-15,0.4,14.9,10
2015-08-16,0.2,17,4.7
2015-08-17,2.4,12.2,6.8
2015-08-18,0.6,11.1,6.1
2015-08-19,0,12.7,5.5
2015-08-20,0,17.1,6.1
2015-08-21,0,18.7,10.9
2015-08-22,0,18.8,11.8
2015-08-23,0,16.3,7.9
2015-08-24,0,14.5,8.5
2015-08-25,0,14.3,9.5
2015-08-26,0.2,14.6,9.2
2015-08-27,0.8,11.7,9.8
2015-08-28,17.4,13.2,8.1
2015-08-29,1.8,11.7,6.3
2015-08-30,2.2,12.5,7.9
2015-08-31,0,13,8.1
2015-09-01,0,16.2,5.1
2015-09-02,0,18.8,8
2015-09-03,4.4,14,10.6
2015-09-04,0,13.7,8.7
2015-09-05,0,14,10.2
2015-09-06,0,16.6,5.8
2015-09-07,3.6,13.6,8.9
2015-09-08,2,12.8,8.8
2015-09-09,0,15.3,10
2015-09-10,0,15.7,10
2015-09-11,0,20.1,5.1
2015-09-12,0,21.7,12.2
2015-09-13,0,25.5,13.2
2015-09-14,0,26.7,15.4
2015-09-15,15.8,15.9,10.8
2015-09-16,0,14.8,8.9
2015-09-17,0.4,14.3,9
2015-09-18,0,14.7,10.5
2015-09-19,0,21.3,6.5
2015-09-20,0,22.9,8.5
2015-09-21,0,18.1,14
2015-09-22,4.4,12.7,7.6
2015-09-23,0,12.6,8.5
2015-09-24,0,14.3,5.1
2015-09-25,0,19.1,5.8
2015-09-26,0,17.9,6.6
2015-09-27,0,20.2,9.8
2015-09-28,0,21.4,8.3
2015-09-29,0,16.9,9
2015-09-30,0,15.9,11.5
2015-10-01,0,21.6,6
2015-10-02,0,28.6,9.9
2015-10-03,0,31.3,16.3
2015-10-04,0,24.9,13.9
2015-10-05,0,34.4,12.7
2015-10-06,0,35.8,15.5
2015-10-07,0,16.2,11.8
2015-10-08,0,18.6,7.6
2015-10-09,0,29.9,10.9
2015-10-10,0,29.2,17.5
2015-10-11,0.4,19.2,16.9
2015-10-12,0.6,16.1,11.3
2015-10-13,0.4,17.6,7.9
2015-10-14,0,28.6,11.2
2015-10-15,0,34,14.4
2015-10-16,0,23.8,17
2015-10-17,0,20.5,11.5
2015-10-18,0,17.7,12.6
2015-10-19,0,26.7,8.3
2015-10-20,0,31.8,12.9
2015-10-21,2.4,18.3,17.6
2015-10-22,7,16.7,11.4
2015-10-23,0,16.4,11.8
2015-10-24,0,19.5,9.2
2015-10-25,0,31.3,10.2
2015-10-26,0.2,15.9,14
2015-10-27,0.2,23.3,10.4
2015-10-28,0,26.8,10.1
2015-10-29,0,26.1,13.7
2015-10-30,0,27.4,12.6
2015-10-31,1,25.9,15.7
2015-11-01,4.4,26,16.4
2015-11-02,0,16,14.5
2015-11-03,0.2,17.9,8
2015-11-04,0,27.2,10.9
2015-11-05,12.2,24.7,16.2
2015-11-06,17.6,18.7,16.6
2015-11-07,1.2,16.8,11.9
2015-11-08,0,24.8,8.5
2015-11-09,0,33.1,13.6
2015-11-10,0,16.4,15.2
2015-11-11,2,20.1,11.5
2015-11-12,0,21.2,13.7
2015-11-13,0.4,18.2,13.5
2015-11-14,0.2,18.3,12.1
2015-11-15,0.2,18.5,13
2015-11-16,0.2,26.3,11.4
2015-11-17,0,33.3,15.7
2015-11-18,0,29.5,14.7
2015-11-19,0,31.5,15.6
2015-11-20,0.4,19.1,15.4
2015-11-21,3.6,17.5,12.2
2015-11-22,0,20,13.5
2015-11-23,0,20.7,13.8
2015-11-24,0,24.5,13.6
2015-11-25,0,33.3,13.5
2015-11-26,0,17.4,10.8
2015-11-27,0.4,18.2,9
2015-11-28,0,20.1,12
2015-11-29,0,20.3,12.6
2015-11-30,0,32.2,10
2015-12-01,1.8,24.6,14.5
2015-12-02,0,17.5,9.2
2015-12-03,0,21.3,12.2
2015-12-04,0,30.8,11.3
2015-12-05,0,25.3,15.5
2015-12-06,0,29.8,15.3
2015-12-07,0,27.3,18.1
2015-12-08,0.8,35.4,20.3
2015-12-09,0,24.6,15.4
2015-12-10,0,26,13.1
2015-12-11,0,19.2,14.2
2015-12-12,2,18.3,10.1
2015-12-13,0,28.3,10.3
2015-12-14,0,22.7,11.9
2015-12-15,0,24.6,14.4
2015-12-16,0,27.5,15.6
2015-12-17,0,37.2,16.9
2015-12-18,0,35.4,19.4
2015-12-19,0,41.2,19.2
2015-12-20,0,37.8,25.9
2015-12-21,6,20.2,15
2015-12-22,0,22.8,12
2015-12-23,0,26,15.1
2015-12-24,0.4,34.6,16.7
2015-12-25,0,34.1,21.7
2015-12-26,30.6,20,12.7
2015-12-27,5.2,19.4,11.9
2015-12-28,0,20.8,12.8
2015-12-29,0,23.9,12.4
2015-12-30,0,34.7,13.9
2015-12-31,0,39.7,19.7
2016-01-01,0,24.2,19.8
2016-01-02,0,27.6,17.1
2016-01-03,0,27.1,17.5
2016-01-04,0,26,16.3
2016-01-05,0,25.7,17.1
2016-01-06,0,25.7,17.3
2016-01-07,0,21.3,16.3
2016-01-08,0,20.6,16.2
2016-01-09,NA,21.4,16.8
2016-01-10,0,31.5,15.7
2016-01-11,0,36.4,17.2
2016-01-12,0.8,24.8,17.1
2016-01-13,0.2,42.2,16.8
2016-01-14,0.4,18.1,16.1
2016-01-15,1,19.2,13.6
2016-01-16,0,22.3,11.9
2016-01-17,0,32.7,14.9
2016-01-18,0,35.3,18.6
2016-01-19,0,30.9,17.9
2016-01-20,1,29.1,19.3
2016-01-21,0.8,26.7,19
2016-01-22,1.6,22.8,17.5
2016-01-23,7,21.9,17.3
2016-01-24,5.2,22.2,16.2
2016-01-25,0.4,20.9,16.7
2016-01-26,0,29.4,16.5
2016-01-27,0,29.5,19.3
2016-01-28,3.6,27.5,20.3
2016-01-29,14.2,18.3,14.4
2016-01-30,1.2,22.4,12.3
2016-01-31,10.6,21.8,13.9
2016-02-01,0,23.6,12.5
2016-02-02,0,31.5,15.4
2016-02-03,0.6,21,18.1
2016-02-04,2.4,20.9,17.3
2016-02-05,0,29.4,15.3
2016-02-06,0,32.6,16.5
2016-02-07,0,27.7,19.1
2016-02-08,0,22.9,19.2
2016-02-09,0,22.7,17.4
2016-02-10,0,23.3,17.4
2016-02-11,0,23.8,18
2016-02-12,0,24.9,16.7
2016-02-13,0,30.3,17.7
2016-02-14,0,24.5,16.4
2016-02-15,0,26.1,14
2016-02-16,3.6,18.4,13.7
2016-02-17,0.6,21.1,12.7
2016-02-18,1.2,22.6,15.5
2016-02-19,0.2,22,15.8
2016-02-20,0,20.8,15.8
2016-02-21,0,24.7,12.6
2016-02-22,0,29.5,15.6
2016-02-23,0,39.4,18.1
2016-02-24,0,25.6,22.4
2016-02-25,0.4,26.4,19.6
2016-02-26,0,23.5,15.5
2016-02-27,0,22.2,17.7
2016-02-28,0,22.7,17.7
2016-02-29,0,23.7,15
2016-03-01,0,33.7,17.3
2016-03-02,0,34.7,17.6
2016-03-03,NA,23.9,17.4
2016-03-04,NA,33,16.5
2016-03-05,1.2,23.7,20.4
2016-03-06,0,25.2,17.4
2016-03-07,3.2,24.9,18.6
2016-03-08,0.6,38.9,19.9
2016-03-09,0,28.5,20.8
2016-03-10,0.6,22.1,18.1
2016-03-11,8.4,26.1,18.8
2016-03-12,0.2,22.3,18.7
2016-03-13,0,23.2,17.7
2016-03-14,0,21.3,18.4
2016-03-15,0,26.8,15.1
2016-03-16,0,31.4,15.3
2016-03-17,0,32.5,18.3
2016-03-18,13.4,19.5,15.2
2016-03-19,5.8,18.8,12
2016-03-20,0.2,23.3,10.1
2016-03-21,0,23.5,11.2
2016-03-22,0,24.3,11.4
2016-03-23,0,28.8,13.7
2016-03-24,0,21.2,16.3
2016-03-25,0,20.4,15.9
2016-03-26,0.4,20.2,14.1
2016-03-27,1,19.9,14.3
2016-03-28,0.2,19.2,9.4
2016-03-29,0,17.9,14.5
2016-03-30,0,18.7,15.5
2016-03-31,0,22.7,11.3
2016-04-01,0,26.5,13.1
2016-04-02,0,19.5,15.5
2016-04-03,0,18.8,11.3
2016-04-04,0,21.2,9.7
2016-04-05,0,29,12.3
2016-04-06,12.8,15.6,13.6
2016-04-07,6.8,18.4,8.3
2016-04-08,0,20,11.9
2016-04-09,0,22.3,10.4
2016-04-10,0,23.5,13.6
2016-04-11,0,20.1,14.5
2016-04-12,0.2,18.7,14
2016-04-13,0.2,20,11.3
2016-04-14,0,27,11.6
2016-04-15,0,27,13.4
2016-04-16,0,20.3,14
2016-04-17,0,19.8,13.1
2016-04-18,0,25,9.8
2016-04-19,0,27.4,13.6
2016-04-20,0,28,15.3
2016-04-21,0.4,24.2,17.1
2016-04-22,21.6,16.7,14.6
2016-04-23,0,18.6,12.3
2016-04-24,0,20,9.1
2016-04-25,0,25,9.9
2016-04-26,0,25.6,11.3
2016-04-27,0,25.4,13
2016-04-28,0,24.9,19.8
2016-04-29,0.4,20.6,16.9
2016-04-30,6.2,24.1,16.4
2016-05-01,9.8,17,14.4
2016-05-02,0.4,18.4,9
2016-05-03,0,20.1,12.3
2016-05-04,0.2,18.2,9.8
2016-05-05,0,20.5,12.6
2016-05-06,0,24.7,15.9
2016-05-07,0,25.7,11.4
2016-05-08,5.4,20.4,15.5
2016-05-09,0.8,22.2,15.4
2016-05-10,12,17.2,13.7
2016-05-11,0.2,17.4,12.2
2016-05-12,0.2,21.4,14.1
2016-05-13,0,21.6,15.9
2016-05-14,0,21.7,14.5
2016-05-15,0,22,15
2016-05-16,0,19.6,7.7
2016-05-17,0.2,17.1,11.4
2016-05-18,0,19.3,13
2016-05-19,0,18.4,14.6
2016-05-20,1.8,17.4,11.6
2016-05-21,0,18.5,8.1
2016-05-22,0,22.2,9.2
2016-05-23,2.2,17.2,12.8
2016-05-24,1.8,15.8,10.7
2016-05-25,0,15.6,7.6
2016-05-26,12.4,12.5,10.3
2016-05-27,4.8,14.4,9.2
2016-05-28,0.6,13.2,5.7
2016-05-29,4.2,13.9,8.7
2016-05-30,0,15.4,7.2
2016-05-31,0,17.4,3.6
2016-06-01,0,17,4.8
2016-06-02,0,12.8,4.8
2016-06-03,0,14.1,6.8
2016-06-04,6.2,13.4,9.8
2016-06-05,3.4,14.1,10.5
2016-06-06,1.4,14.5,8.9
2016-06-07,0,15.3,10.5
2016-06-08,1.2,14.7,9.7
2016-06-09,1.4,17.5,10.8
2016-06-10,0,15.8,10.4
2016-06-11,3,13.5,9
2016-06-12,0.6,13.8,5
2016-06-13,0,13.4,3.8
2016-06-14,0,15.6,8.6
2016-06-15,0,17.9,6
2016-06-16,0,14.3,7.8
2016-06-17,4.2,15.1,9.3
2016-06-18,8.6,12.7,10
2016-06-19,0.4,13.5,7.3
2016-06-20,3.6,13.2,9.1
2016-06-21,3.2,14.7,10.4
2016-06-22,0,15.4,11.2
2016-06-23,0.6,14.8,10.4
2016-06-24,13.8,10.7,6.9
2016-06-25,2,12.7,5.6
2016-06-26,0.2,11.1,3
2016-06-27,0.2,10.6,4.8
2016-06-28,0.2,17,5
2016-06-29,0.2,15.8,8.9
2016-06-30,0,11.7,10.3
2016-07-01,6.4,14.1,7.3
2016-07-02,0.2,16.5,9.9
2016-07-03,0,16.7,10.9
2016-07-04,0,12.7,10.4
2016-07-05,0.6,12.8,8.2
2016-07-06,22.6,13,9.8
2016-07-07,3.8,13.7,10.5
2016-07-08,0.8,15.3,9.7
2016-07-09,0.2,15.2,5.3
2016-07-10,0,14.2,6.5
2016-07-11,3.6,16,8.3
2016-07-12,0,13.7,10.7
2016-07-13,0.4,12,4.5
2016-07-14,1,14,6.6
2016-07-15,0,14.1,8.8
2016-07-16,0,13.7,7.8
2016-07-17,0,16.1,3.1
2016-07-18,0,17.7,9.6
2016-07-19,0,16,12.6
2016-07-20,1.8,16.1,9.8
2016-07-21,1.8,18.1,6.9
2016-07-22,7.8,18.3,9.2
2016-07-23,2.8,11.6,7.5
2016-07-24,0.8,11.4,4.7
2016-07-25,0,14.3,6.3
2016-07-26,4.8,11,6.5
2016-07-27,0.4,12.9,7.5
2016-07-28,0,15.2,6.9
2016-07-29,0,15.3,10.2
